"row_id","customer_id","gender","region","age","age_band","product_name","category","unit_price","quantity","total_price","total_price_flagged","shipping_fee","shipping_status","order_date"
1,"CUST0268","Male","North",NULL,"Unknown","Monitor","Electronics","300.00",5,"1500.00",False,"13.31","Returned","2023-12-08"
2,"CUST0046","Male","West",22,"18-25","Headphones","Accessories","100.00",2,"200.00",False,"6.93","In Transit","2023-04-09"
3,"CUST0169","Female","South",54,"46-55","Monitor","Electronics","300.00",1,"300.00",False,"11.31","Returned","2023-08-28"
4,"CUST0002","Male","North",23,"18-25","Headphones","Accessories","100.00",5,"500.00",False,"12.22","Delivered","2023-01-18"
5,"CUST0173","Female","South",NULL,"Unknown","Laptop","Electronics","1500.00",3,"4500.00",False,"5.40","Delivered","2023-01-19"
6,"CUST0147","Male","North",64,"56-65","Smartwatch","Wearables","200.00",2,"400.00",False,"11.26","In Transit","2023-01-11"
7,"CUST0262","Male","East",27,"26-35","Smartwatch","Wearables","200.00",1,"200.00",False,"18.38","In Transit","2023-10-23"
8,"CUST0159","Female","South",18,"18-25","Keyboard","Accessories","50.00",2,"100.00",False,"15.08","Returned","2023-06-15"
9,"CUST0046","Female","East",22,"18-25","Mouse","Accessories","30.00",1,"30.00",False,"8.22","Returned","2023-02-25"
10,"CUST0023","Male","West",29,"26-35","Headphones","Accessories","100.00",3,"300.00",False,"10.70","Delivered","2023-04-23"
11,"CUST0201","Female","East",49,"46-55","Headphones","Accessories","100.00",2,"200.00",False,"9.80","Returned","2023-06-01"
12,"CUST0283","Female","West",67,"66+","Mouse","Accessories","30.00",3,"90.00",False,"5.65","In Transit","2023-09-13"
13,"CUST0199","Female","West",41,"36-45","Keyboard","Accessories","50.00",5,"250.00",False,"7.13","Delivered","2023-02-17"
14,"CUST0039","Male","South",60,"56-65","Keyboard","Accessories","50.00",4,"200.00",False,"10.91","Returned","2023-12-10"
15,"CUST0276","Male","West",66,"66+","Mouse","Accessories","30.00",1,"30.00",False,"11.36","In Transit","2023-06-29"
16,"CUST0143","Female","Unknown",36,"36-45","Smartwatch","Wearables","200.00",3,"600.00",False,"7.89","Delivered","2023-07-14"
17,"CUST0139","Male","North",57,"56-65","Laptop","Electronics","1500.00",4,"6000.00",False,"10.92","In Transit","2023-05-13"
18,"CUST0210","Male","South",30,"26-35","Smartphone","Electronics","800.00",2,"1600.00",False,"11.44","Returned","2023-06-09"
19,"CUST0293","Female","East",32,"26-35","Smartwatch","Wearables","200.00",5,"1000.00",False,"7.16","In Transit","2023-06-21"
20,"CUST0049","Female","West",59,"56-65","Monitor","Electronics","300.00",4,"1200.00",False,"17.37","In Transit","2023-11-26"
21,"CUST0283","Female","East",67,"66+","Smartphone","Electronics","800.00",5,"4000.00",False,"12.17","Delivered","2023-11-08"
22,"CUST0196","Female","South",37,"36-45","Mouse","Accessories","30.00",3,"90.00",False,"19.41","Returned","2023-12-27"
23,"CUST0050","Male","North",NULL,"Unknown","Mouse","Accessories","30.00",3,"90.00",False,"6.97","Returned","2023-06-06"
24,"CUST0007","Female","East",52,"46-55","Headphones","Accessories","100.00",2,"200.00",False,"12.00","In Transit","2023-10-28"
25,"CUST0242","Male","North",58,"56-65","Smartphone","Electronics","800.00",4,"3200.00",False,"18.11","Unknown","2023-12-30"
26,"CUST0042","Female","South",57,"56-65","Keyboard","Accessories","50.00",1,"50.00",False,"9.60","Delivered","2023-12-04"
27,"CUST0264","Male","East",59,"56-65","Smartphone","Electronics","1658.43",2,"3316.86",True,"11.59","In Transit","2023-02-01"
28,"CUST0053","Female","North",25,"18-25","Smartwatch","Wearables","200.00",1,"200.00",False,"14.90","Delivered","2023-08-14"
29,"CUST0154","Female","East",31,"26-35","Smartphone","Electronics","800.00",1,"800.00",False,"19.22","In Transit","2023-12-07"
30,"CUST0190","Male","North",28,"26-35","Keyboard","Accessories","50.00",4,"200.00",False,"15.31","Delivered","2023-06-28"
31,"CUST0038","Female","East",57,"56-65","Monitor","Electronics","300.00",2,"600.00",False,"12.38","Returned","2023-11-17"
32,"CUST0288","Female","South",NULL,"Unknown","Laptop","Electronics","1500.00",4,"6000.00",False,"12.91","Delivered","2023-01-25"
33,"CUST0124","Female","South",53,"46-55","Monitor","Electronics","300.00",2,"600.00",False,"18.38","In Transit","2023-09-05"
34,"CUST0298","Female","South",58,"56-65","Headphones","Accessories","100.00",5,"500.00",False,"7.41","Delivered","2023-09-17"
35,"CUST0211","Female","South",35,"26-35","Mouse","Accessories","30.00",3,"90.00",False,"11.42","Delivered","2023-12-25"
36,"CUST0060","Male","North",41,"36-45","Laptop","Electronics","1500.00",4,"6000.00",False,"7.13","Delivered","2023-01-14"
37,"CUST0284","Female","West",64,"56-65","Monitor","Electronics","300.00",1,"300.00",False,"6.55","Returned","2023-08-01"
38,"CUST0282","Male","North",NULL,"Unknown","Smartphone","Electronics","800.00",2,"1600.00",False,"9.72","Delivered","2023-02-12"
39,"CUST0205","Female","South",43,"36-45","Monitor","Electronics","300.00",2,"600.00",False,"18.27","In Transit","2023-05-18"
40,"CUST0222","Female","Unknown",61,"56-65","Smartphone","Electronics","800.00",2,"1600.00",False,"6.01","Returned","2023-10-03"
41,"CUST0299","Male","East",58,"56-65","Keyboard","Accessories","50.00",2,"100.00",False,"9.57","Returned","2023-08-30"
42,"CUST0064","Male","West",61,"56-65","Monitor","Electronics","300.00",1,"300.00",False,"13.82","Returned","2023-09-15"
43,"CUST0073","Male","East",19,"18-25","Keyboard","Accessories","50.00",4,"200.00",False,"5.32","Delivered","2023-02-14"
44,"CUST0154","Male","North",31,"26-35","Keyboard","Accessories","50.00",3,"150.00",False,"7.46","Delivered","2023-02-27"
45,"CUST0081","Male","North",38,"36-45","Monitor","Electronics","300.00",1,"300.00",False,"17.22","Returned","2023-08-13"
46,"CUST0247","Male","East",44,"36-45","Headphones","Accessories","100.00",2,"200.00",False,"8.15","In Transit","2023-05-09"
47,"CUST0130","Male","East",68,"66+","Monitor","Electronics","300.00",2,"600.00",False,"9.56","Unknown","2023-12-23"
48,"CUST0178","Male","West",44,"36-45","Smartwatch","Wearables","200.00",3,"600.00",False,"18.09","In Transit","2023-10-28"
49,"CUST0131","Female","West",67,"66+","Laptop","Electronics","1500.00",4,"6000.00",False,"7.01","Delivered","2023-09-01"
50,"CUST0070","Male","West",23,"18-25","Monitor","Electronics","300.00",3,"900.00",False,"12.58","Returned","2023-04-16"
51,"CUST0122","Male","West",68,"66+","Headphones","Accessories","100.00",2,"200.00",False,"13.49","In Transit","2023-12-13"
52,"CUST0168","Female","East",42,"36-45","Monitor","Electronics","300.00",4,"1200.00",False,"18.15","In Transit","2023-03-27"
53,"CUST0176","Male","South",51,"46-55","Laptop","Electronics","1500.00",2,"3000.00",False,"7.43","Delivered","2023-11-16"
54,"CUST0064","Female","West",61,"56-65","Laptop","Electronics","1500.00",2,"3000.00",False,"5.42","Returned","2023-06-14"
55,"CUST0125","Female","South",46,"46-55","Smartphone","Electronics","800.00",5,"4000.00",False,"10.62","Returned","2023-01-26"
56,"CUST0165","Female","West",49,"46-55","Keyboard","Accessories","50.00",4,"200.00",False,"19.72","Unknown","2023-12-25"
57,"CUST0057","Male","North",62,"56-65","Keyboard","Accessories","50.00",4,"200.00",False,"12.79","Delivered","2023-09-29"
58,"CUST0207","Male","South",54,"46-55","Laptop","Electronics","1500.00",1,"1500.00",False,"5.16","Delivered","2023-03-14"
59,"CUST0167","Female","North",67,"66+","Headphones","Accessories","100.00",2,"200.00",False,"11.65","Returned","2023-12-14"
60,"CUST0006","Male","South",52,"46-55","Laptop","Electronics","1500.00",5,"7500.00",False,"19.69","In Transit","2023-09-17"
61,"CUST0041","Male","East",64,"56-65","Smartphone","Electronics","800.00",4,"3200.00",False,"17.27","In Transit","2023-08-08"
62,"CUST0112","Male","North",33,"26-35","Monitor","Electronics","300.00",4,"1200.00",False,"14.88","Delivered","2023-04-12"
63,"CUST0244","Female","West",24,"18-25","Headphones","Accessories","100.00",3,"300.00",False,"8.49","In Transit","2023-02-21"
64,"CUST0218","Male","East",36,"36-45","Headphones","Accessories","100.00",2,"200.00",False,"7.71","Returned","2023-11-03"
65,"CUST0073","Male","North",19,"18-25","Monitor","Electronics","300.00",5,"1500.00",False,"13.70","In Transit","2023-01-16"
66,"CUST0083","Male","East",28,"26-35","Monitor","Electronics","300.00",1,"300.00",False,"17.98","Returned","2024-01-03"
67,"CUST0065","Female","East",NULL,"Unknown","Headphones","Accessories","100.00",2,"200.00",False,"13.06","Returned","2023-02-05"
68,"CUST0096","Female","Unknown",61,"56-65","Smartphone","Electronics","800.00",4,"3200.00",False,"11.79","In Transit","2023-02-07"
69,"CUST0060","Male","South",41,"36-45","Keyboard","Accessories","50.00",4,"200.00",False,"19.12","Returned","2023-04-03"
70,"CUST0045","Male","East",21,"18-25","Mouse","Accessories","30.00",1,"30.00",False,"6.17","In Transit","2023-10-23"
71,"CUST0296","Female","North",50,"46-55","Keyboard","Accessories","50.00",2,"100.00",False,"13.82","In Transit","2023-07-25"
72,"CUST0261","Male","West",48,"46-55","Laptop","Electronics","1500.00",5,"7500.00",False,"15.95","Returned","2023-10-01"
73,"CUST0077","Male","South",50,"46-55","Keyboard","Accessories","50.00",5,"250.00",False,"10.89","Delivered","2023-03-19"
74,"CUST0227","Female","West",54,"46-55","Keyboard","Accessories","50.00",4,"200.00",False,"9.22","Returned","2023-10-05"
75,"CUST0284","Female","North",64,"56-65","Keyboard","Accessories","50.00",3,"150.00",False,"17.76","In Transit","2023-04-11"
76,"CUST0245","Male","North",63,"56-65","Mouse","Accessories","30.00",1,"30.00",False,"13.28","Returned","2023-09-11"
77,"CUST0133","Female","North",47,"46-55","Smartphone","Electronics","800.00",1,"800.00",False,"11.29","Returned","2023-10-28"
78,"CUST0179","Male","North",45,"36-45","Keyboard","Accessories","50.00",2,"100.00",False,"19.04","Delivered","2023-03-16"
79,"CUST0022","Female","North",33,"26-35","Smartwatch","Wearables","200.00",2,"400.00",False,"10.07","Delivered","2023-11-21"
80,"CUST0269","Female","East",64,"56-65","Laptop","Electronics","1500.00",5,"7500.00",False,"6.53","Returned","2023-12-03"
81,"CUST0181","Male","East",59,"56-65","Smartwatch","Wearables","200.00",3,"600.00",False,"9.82","In Transit","2023-02-08"
82,"CUST0170","Female","South",40,"36-45","Mouse","Accessories","30.00",5,"150.00",False,"8.64","Delivered","2023-12-22"
83,"CUST0182","Male","West",NULL,"Unknown","Monitor","Electronics","300.00",5,"1500.00",False,"7.77","In Transit","2023-10-24"
84,"CUST0219","Male","Unknown",48,"46-55","Mouse","Accessories","62.19",2,"124.38",True,"7.40","Returned","2023-08-20"
85,"CUST0037","Male","West",51,"46-55","Keyboard","Accessories","103.65",4,"414.61",True,"11.41","Returned","2023-05-20"
86,"CUST0006","Female","West",52,"46-55","Monitor","Electronics","300.00",3,"900.00",False,"5.66","Delivered","2023-02-18"
87,"CUST0125","Female","West",46,"46-55","Mouse","Accessories","30.00",4,"120.00",False,"5.71","Delivered","2024-01-03"
88,"CUST0006","Male","North",52,"46-55","Smartwatch","Wearables","200.00",1,"200.00",False,"13.68","Delivered","2023-08-02"
89,"CUST0091","Female","South",30,"26-35","Mouse","Accessories","30.00",1,"30.00",False,"18.29","In Transit","2023-04-19"
90,"CUST0064","Male","North",61,"56-65","Smartphone","Electronics","800.00",5,"4000.00",False,"6.31","Delivered","2023-06-29"
91,"CUST0286","Female","North",63,"56-65","Laptop","Electronics","1500.00",1,"1500.00",False,"13.15","Delivered","2023-03-08"
92,"CUST0288","Male","West",55,"46-55","Headphones","Accessories","100.00",2,"200.00",False,"16.23","Returned","2023-07-04"
93,"CUST0019","Female","East",69,"66+","Keyboard","Accessories","50.00",1,"50.00",False,"14.53","Returned","2023-04-23"
94,"CUST0236","Male","East",18,"18-25","Keyboard","Accessories","50.00",2,"100.00",False,"11.25","Returned","2023-03-24"
95,"CUST0159","Male","West",18,"18-25","Keyboard","Accessories","50.00",5,"250.00",False,"11.11","Returned","2023-09-11"
96,"CUST0251","Male","North",42,"36-45","Mouse","Accessories","30.00",2,"60.00",False,"18.98","In Transit","2023-02-02"
97,"CUST0159","Male","North",18,"18-25","Headphones","Accessories","100.00",1,"100.00",False,"18.47","Delivered","2023-08-13"
98,"CUST0064","Male","West",61,"56-65","Monitor","Electronics","300.00",4,"1200.00",False,"18.50","Returned","2023-05-23"
99,"CUST0099","Female","South",26,"26-35","Laptop","Electronics","1500.00",4,"6000.00",False,"15.74","Returned","2023-08-12"
100,"CUST0228","Male","North",25,"18-25","Smartphone","Electronics","800.00",4,"3200.00",False,"18.20","In Transit","2023-01-24"
101,"CUST0024","Female","East",57,"56-65","Smartwatch","Wearables","200.00",2,"400.00",False,"17.94","In Transit","2023-12-08"
102,"CUST0113","Male","South",38,"36-45","Smartphone","Electronics","800.00",2,"1600.00",False,"16.51","In Transit","2023-09-14"
103,"CUST0192","Female","North",58,"56-65","Smartwatch","Wearables","200.00",4,"800.00",False,"9.97","Delivered","2023-11-12"
104,"CUST0153","Female","East",40,"36-45","Monitor","Electronics","300.00",1,"300.00",False,"6.85","Returned","2023-06-21"
105,"CUST0057","Female","East",62,"56-65","Keyboard","Accessories","50.00",5,"250.00",False,"14.04","Unknown","2024-01-03"
106,"CUST0192","Male","Unknown",58,"56-65","Keyboard","Accessories","50.00",3,"150.00",False,"6.37","In Transit","2024-01-03"
107,"CUST0150","Female","North",63,"56-65","Laptop","Electronics","1500.00",3,"4500.00",False,"18.66","Returned","2023-05-06"
108,"CUST0203","Male","South",33,"26-35","Mouse","Accessories","30.00",1,"30.00",False,"7.78","In Transit","2023-01-03"
109,"CUST0163","Female","North",22,"18-25","Headphones","Accessories","100.00",3,"300.00",False,"6.16","Returned","2023-10-12"
110,"CUST0203","Female","East",33,"26-35","Laptop","Electronics","1500.00",3,"4500.00",False,"6.92","Returned","2023-06-26"
111,"CUST0223","Female","Unknown",20,"18-25","Mouse","Accessories","62.19",2,"124.38",True,"15.12","In Transit","2023-05-26"
112,"CUST0266","Male","North",NULL,"Unknown","Mouse","Accessories","30.00",5,"150.00",False,"16.86","Returned","2023-11-08"
113,"CUST0227","Male","West",54,"46-55","Smartphone","Electronics","800.00",3,"2400.00",False,"18.76","In Transit","2023-12-07"
114,"CUST0289","Male","West",37,"36-45","Laptop","Electronics","1500.00",5,"7500.00",False,"6.68","Delivered","2023-07-06"
115,"CUST0046","Female","South",22,"18-25","Laptop","Electronics","1500.00",3,"4500.00",False,"11.69","Delivered","2023-06-20"
116,"CUST0173","Male","Unknown",65,"56-65","Headphones","Accessories","100.00",1,"100.00",False,"19.28","Returned","2023-02-11"
117,"CUST0008","Female","North",NULL,"Unknown","Headphones","Accessories","100.00",5,"500.00",False,"16.04","Delivered","2023-02-02"
118,"CUST0015","Male","West",58,"56-65","Headphones","Accessories","100.00",3,"300.00",False,"6.08","Returned","2023-03-22"
119,"CUST0002","Male","East",23,"18-25","Smartphone","Electronics","800.00",1,"800.00",False,"12.64","Returned","2023-09-10"
120,"CUST0189","Female","South",38,"36-45","Mouse","Accessories","30.00",1,"30.00",False,"10.92","Delivered","2023-02-22"
121,"CUST0137","Male","North",19,"18-25","Smartphone","Electronics","800.00",3,"2400.00",False,"16.82","In Transit","2023-05-20"
122,"CUST0139","Male","South",NULL,"Unknown","Smartwatch","Wearables","200.00",2,"400.00",False,"9.18","Delivered","2023-06-26"
123,"CUST0033","Female","South",NULL,"Unknown","Monitor","Electronics","300.00",2,"600.00",False,"15.30","Delivered","2023-04-12"
124,"CUST0297","Male","North",61,"56-65","Monitor","Electronics","300.00",2,"600.00",False,"13.84","In Transit","2023-10-10"
125,"CUST0008","Female","North",18,"18-25","Keyboard","Accessories","50.00",3,"150.00",False,"13.86","Delivered","2023-05-29"
126,"CUST0267","Male","North",29,"26-35","Laptop","Electronics","1500.00",3,"4500.00",False,"14.23","Returned","2023-06-01"
127,"CUST0028","Male","Unknown",50,"46-55","Smartwatch","Wearables","200.00",5,"1000.00",False,"6.09","In Transit","2023-08-22"
128,"CUST0078","Female","North",38,"36-45","Laptop","Electronics","1500.00",3,"4500.00",False,"19.98","In Transit","2023-05-10"
129,"CUST0003","Male","North",63,"56-65","Smartphone","Electronics","800.00",5,"4000.00",False,"11.10","In Transit","2023-11-06"
130,"CUST0049","Female","North",59,"56-65","Laptop","Electronics","1500.00",1,"1500.00",False,"12.63","Returned","2023-02-06"
131,"CUST0212","Female","North",NULL,"Unknown","Laptop","Electronics","1500.00",5,"7500.00",False,"10.18","In Transit","2023-11-18"
132,"CUST0146","Male","North",47,"46-55","Smartphone","Electronics","800.00",1,"800.00",False,"10.16","Unknown","2023-01-13"
133,"CUST0082","Female","Unknown",NULL,"Unknown","Smartwatch","Wearables","200.00",1,"200.00",False,"6.03","Returned","2023-04-21"
134,"CUST0036","Female","North",33,"26-35","Keyboard","Accessories","50.00",1,"50.00",False,"6.06","Delivered","2023-08-02"
135,"CUST0155","Female","North",41,"36-45","Laptop","Electronics","1500.00",2,"3000.00",False,"9.21","Returned","2023-02-02"
136,"CUST0138","Male","North",46,"46-55","Keyboard","Accessories","50.00",3,"150.00",False,"5.09","Returned","2023-03-16"
137,"CUST0201","Female","North",49,"46-55","Mouse","Accessories","30.00",2,"60.00",False,"8.39","In Transit","2023-11-03"
138,"CUST0197","Female","West",54,"46-55","Mouse","Accessories","30.00",2,"60.00",False,"8.59","Delivered","2023-06-04"
139,"CUST0082","Male","West",30,"26-35","Laptop","Electronics","1500.00",1,"1500.00",False,"9.98","Delivered","2023-12-04"
140,"CUST0091","Male","East",30,"26-35","Laptop","Electronics","1500.00",5,"7500.00",False,"7.58","Delivered","2023-09-26"
141,"CUST0066","Male","West",37,"36-45","Laptop","Electronics","1500.00",2,"3000.00",False,"5.69","Returned","2023-01-18"
142,"CUST0026","Female","East",27,"26-35","Monitor","Electronics","300.00",1,"300.00",False,"16.61","In Transit","2023-11-23"
143,"CUST0078","Female","West",38,"36-45","Smartwatch","Wearables","200.00",4,"800.00",False,"18.89","Returned","2023-05-03"
144,"CUST0281","Male","West",44,"36-45","Keyboard","Accessories","50.00",4,"200.00",False,"19.81","In Transit","2023-08-27"
145,"CUST0299","Male","West",58,"56-65","Headphones","Accessories","100.00",5,"500.00",False,"14.50","Returned","2023-01-16"
146,"CUST0053","Female","East",25,"18-25","Smartwatch","Wearables","200.00",5,"1000.00",False,"16.41","In Transit","2023-07-25"
147,"CUST0239","Male","North",35,"26-35","Smartwatch","Wearables","200.00",1,"200.00",False,"7.32","Delivered","2023-11-18"
148,"CUST0069","Male","East",NULL,"Unknown","Headphones","Accessories","100.00",3,"300.00",False,"10.81","Returned","2023-12-07"
149,"CUST0245","Male","West",63,"56-65","Mouse","Accessories","30.00",3,"90.00",False,"13.95","Returned","2023-05-15"
150,"CUST0258","Female","South",39,"36-45","Monitor","Electronics","300.00",4,"1200.00",False,"9.55","In Transit","2023-05-16"
151,"CUST0177","Male","South",29,"26-35","Smartwatch","Wearables","200.00",3,"600.00",False,"13.87","In Transit","2023-03-18"
152,"CUST0140","Male","East",NULL,"Unknown","Headphones","Accessories","100.00",2,"200.00",False,"10.96","Delivered","2023-03-08"
153,"CUST0089","Female","North",27,"26-35","Mouse","Accessories","30.00",3,"90.00",False,"6.45","In Transit","2023-09-19"
154,"CUST0168","Female","West",42,"36-45","Smartphone","Electronics","800.00",2,"1600.00",False,"13.79","In Transit","2023-09-25"
155,"CUST0176","Male","East",51,"46-55","Laptop","Electronics","1500.00",3,"4500.00",False,"16.42","In Transit","2023-10-28"
156,"CUST0089","Female","South",27,"26-35","Monitor","Electronics","300.00",3,"900.00",False,"7.99","In Transit","2023-02-21"
157,"CUST0281","Female","West",44,"36-45","Keyboard","Accessories","50.00",2,"100.00",False,"6.45","Returned","2023-08-28"
158,"CUST0044","Male","East",30,"26-35","Mouse","Accessories","30.00",5,"150.00",False,"16.62","Returned","2023-10-28"
159,"CUST0137","Female","South",NULL,"Unknown","Monitor","Electronics","300.00",5,"1500.00",False,"6.00","Delivered","2023-11-08"
160,"CUST0174","Female","East",68,"66+","Laptop","Electronics","1500.00",1,"1500.00",False,"16.34","Delivered","2023-05-07"
161,"CUST0141","Female","East",58,"56-65","Mouse","Accessories","30.00",1,"30.00",False,"12.22","In Transit","2023-10-03"
162,"CUST0202","Male","South",56,"56-65","Mouse","Accessories","30.00",3,"90.00",False,"5.07","Delivered","2023-01-05"
163,"CUST0259","Male","West",59,"56-65","Laptop","Electronics","1500.00",2,"3000.00",False,"7.50","Delivered","2023-08-22"
164,"CUST0045","Female","East",21,"18-25","Smartphone","Electronics","800.00",3,"2400.00",False,"15.78","Delivered","2023-11-07"
165,"CUST0168","Female","West",42,"36-45","Keyboard","Accessories","50.00",1,"50.00",False,"15.92","Delivered","2023-06-24"
166,"CUST0027","Female","Unknown",36,"36-45","Keyboard","Accessories","50.00",5,"250.00",False,"11.09","Returned","2023-06-06"
167,"CUST0228","Male","South",25,"18-25","Mouse","Accessories","30.00",4,"120.00",False,"18.60","Returned","2023-06-29"
168,"CUST0199","Female","South",41,"36-45","Smartphone","Electronics","800.00",4,"3200.00",False,"16.45","In Transit","2023-01-18"
169,"CUST0065","Male","North",41,"36-45","Headphones","Accessories","100.00",5,"500.00",False,"19.62","Delivered","2023-03-04"
170,"CUST0146","Female","East",47,"46-55","Laptop","Electronics","1500.00",3,"4500.00",False,"8.87","Delivered","2023-09-11"
171,"CUST0093","Male","North",66,"66+","Monitor","Electronics","300.00",1,"300.00",False,"16.58","Delivered","2023-02-27"
172,"CUST0168","Female","South",42,"36-45","Monitor","Electronics","300.00",1,"300.00",False,"14.70","Delivered","2023-11-16"
173,"CUST0216","Male","South",53,"46-55","Smartphone","Electronics","800.00",2,"1600.00",False,"16.23","In Transit","2023-07-19"
174,"CUST0062","Male","West",43,"36-45","Headphones","Accessories","100.00",4,"400.00",False,"11.40","Returned","2023-04-24"
175,"CUST0125","Male","West",46,"46-55","Smartphone","Electronics","800.00",5,"4000.00",False,"19.08","In Transit","2023-05-01"
176,"CUST0060","Male","Unknown",41,"36-45","Keyboard","Accessories","50.00",1,"50.00",False,"5.56","Delivered","2023-06-26"
177,"CUST0056","Female","South",23,"18-25","Smartwatch","Wearables","200.00",2,"400.00",False,"5.73","Returned","2024-01-03"
178,"CUST0247","Male","South",44,"36-45","Smartphone","Electronics","800.00",1,"800.00",False,"7.11","In Transit","2023-01-19"
179,"CUST0131","Female","East",67,"66+","Monitor","Electronics","300.00",1,"300.00",False,"15.92","Unknown","2023-05-03"
180,"CUST0114","Female","West",60,"56-65","Monitor","Electronics","300.00",3,"900.00",False,"18.61","In Transit","2023-07-21"
181,"CUST0082","Female","Unknown",NULL,"Unknown","Smartphone","Electronics","800.00",4,"3200.00",False,"13.77","Delivered","2023-10-11"
182,"CUST0184","Female","West",54,"46-55","Mouse","Accessories","30.00",3,"90.00",False,"14.78","Returned","2023-06-15"
183,"CUST0075","Female","South",56,"56-65","Monitor","Electronics","300.00",2,"600.00",False,"13.60","Delivered","2023-08-16"
184,"CUST0142","Male","East",32,"26-35","Monitor","Electronics","300.00",1,"300.00",False,"15.50","Delivered","2023-04-14"
185,"CUST0076","Male","East",26,"26-35","Headphones","Accessories","100.00",5,"500.00",False,"16.96","Delivered","2023-10-24"
186,"CUST0105","Male","East",27,"26-35","Smartwatch","Wearables","200.00",5,"1000.00",False,"12.00","In Transit","2023-07-14"
187,"CUST0004","Female","West",65,"56-65","Keyboard","Accessories","50.00",3,"150.00",False,"19.62","In Transit","2023-12-06"
188,"CUST0127","Male","North",62,"56-65","Smartwatch","Wearables","200.00",2,"400.00",False,"11.66","Delivered","2023-08-31"
189,"CUST0072","Male","South",21,"18-25","Headphones","Accessories","100.00",1,"100.00",False,"11.24","Delivered","2023-09-02"
190,"CUST0216","Male","North",53,"46-55","Smartphone","Electronics","800.00",4,"3200.00",False,"6.27","Returned","2023-04-06"
191,"CUST0156","Female","South",57,"56-65","Smartphone","Electronics","800.00",4,"3200.00",False,"16.09","In Transit","2023-12-29"
192,"CUST0052","Male","North",66,"66+","Mouse","Accessories","30.00",4,"120.00",False,"8.24","Returned","2023-06-09"
193,"CUST0226","Female","West",NULL,"Unknown","Smartphone","Electronics","800.00",4,"3200.00",False,"17.91","In Transit","2023-06-14"
194,"CUST0270","Female","West",64,"56-65","Laptop","Electronics","1500.00",1,"1500.00",False,"18.88","Returned","2023-07-14"
195,"CUST0269","Male","North",64,"56-65","Monitor","Electronics","621.91",5,"3109.56",True,"6.93","Delivered","2023-04-23"
196,"CUST0183","Female","West",42,"36-45","Smartphone","Electronics","800.00",3,"2400.00",False,"7.22","Delivered","2023-10-21"
197,"CUST0205","Male","South",43,"36-45","Keyboard","Accessories","50.00",2,"100.00",False,"5.05","Delivered","2023-10-09"
198,"CUST0080","Female","East",51,"46-55","Headphones","Accessories","100.00",1,"100.00",False,"19.84","Delivered","2023-05-27"
199,"CUST0208","Female","West",57,"56-65","Laptop","Electronics","1500.00",1,"1500.00",False,"16.28","Returned","2023-02-01"
200,"CUST0186","Female","West",55,"46-55","Mouse","Accessories","30.00",5,"150.00",False,"17.36","In Transit","2023-05-07"
201,"CUST0109","Female","Unknown",57,"56-65","Mouse","Accessories","30.00",1,"30.00",False,"9.59","In Transit","2023-03-12"
202,"CUST0028","Female","East",50,"46-55","Headphones","Accessories","100.00",5,"500.00",False,"16.11","In Transit","2023-11-07"
203,"CUST0083","Male","West",28,"26-35","Keyboard","Accessories","50.00",2,"100.00",False,"9.48","Returned","2023-09-14"
204,"CUST0027","Female","South",36,"36-45","Monitor","Electronics","300.00",2,"600.00",False,"18.44","Returned","2023-03-19"
205,"CUST0203","Female","South",33,"26-35","Keyboard","Accessories","50.00",5,"250.00",False,"8.43","In Transit","2023-10-05"
206,"CUST0095","Female","East",NULL,"Unknown","Laptop","Electronics","1500.00",5,"7500.00",False,"7.38","Returned","2023-06-18"
207,"CUST0204","Male","North",54,"46-55","Smartphone","Electronics","800.00",2,"1600.00",False,"6.45","Delivered","2023-03-16"
208,"CUST0165","Male","West",49,"46-55","Keyboard","Accessories","50.00",1,"50.00",False,"8.97","Returned","2023-05-23"
209,"CUST0269","Male","North",64,"56-65","Headphones","Accessories","100.00",3,"300.00",False,"11.64","Returned","2023-11-24"
210,"CUST0134","Male","North",NULL,"Unknown","Monitor","Electronics","621.91",5,"3109.56",True,"7.22","Returned","2023-08-05"
211,"CUST0116","Female","East",NULL,"Unknown","Headphones","Accessories","100.00",2,"200.00",False,"15.13","Delivered","2023-01-23"
212,"CUST0137","Female","West",19,"18-25","Smartphone","Electronics","800.00",3,"2400.00",False,"11.21","Returned","2023-08-01"
213,"CUST0100","Male","West",29,"26-35","Keyboard","Accessories","50.00",2,"100.00",False,"5.18","Returned","2023-04-14"
214,"CUST0282","Male","North",68,"66+","Smartwatch","Wearables","200.00",3,"600.00",False,"7.93","In Transit","2023-06-22"
215,"CUST0094","Male","North",30,"26-35","Laptop","Electronics","1500.00",1,"1500.00",False,"14.53","In Transit","2023-04-18"
216,"CUST0194","Female","West",61,"56-65","Mouse","Accessories","62.19",1,"62.19",True,"10.41","Returned","2023-01-28"
217,"CUST0174","Female","North",NULL,"Unknown","Smartphone","Electronics","800.00",4,"3200.00",False,"9.45","Returned","2023-05-08"
218,"CUST0273","Female","South",NULL,"Unknown","Laptop","Electronics","1500.00",2,"3000.00",False,"9.01","In Transit","2023-06-07"
219,"CUST0188","Male","North",29,"26-35","Smartphone","Electronics","800.00",5,"4000.00",False,"6.06","Delivered","2023-02-24"
220,"CUST0109","Male","West",57,"56-65","Keyboard","Accessories","50.00",3,"150.00",False,"11.12","In Transit","2023-02-16"
221,"CUST0081","Male","West",38,"36-45","Smartwatch","Wearables","200.00",3,"600.00",False,"19.89","Returned","2023-08-07"
222,"CUST0298","Male","North",58,"56-65","Smartphone","Electronics","800.00",4,"3200.00",False,"18.55","Unknown","2023-04-04"
223,"CUST0189","Female","East",38,"36-45","Monitor","Electronics","300.00",1,"300.00",False,"11.89","In Transit","2023-05-01"
224,"CUST0092","Female","East",32,"26-35","Smartphone","Electronics","800.00",3,"2400.00",False,"14.12","In Transit","2023-09-28"
225,"CUST0254","Female","West",NULL,"Unknown","Mouse","Accessories","30.00",2,"60.00",False,"7.56","Delivered","2023-12-25"
226,"CUST0150","Male","South",63,"56-65","Headphones","Accessories","100.00",4,"400.00",False,"11.39","Delivered","2023-05-06"
227,"CUST0264","Female","West",59,"56-65","Keyboard","Accessories","103.65",4,"414.61",True,"10.49","Delivered","2023-08-21"
228,"CUST0105","Male","West",27,"26-35","Headphones","Accessories","100.00",3,"300.00",False,"17.92","Returned","2023-03-13"
229,"CUST0253","Female","West",51,"46-55","Laptop","Electronics","1500.00",1,"1500.00",False,"12.36","Returned","2023-02-28"
230,"CUST0188","Male","West",29,"26-35","Monitor","Electronics","300.00",4,"1200.00",False,"8.15","Delivered","2023-07-26"
231,"CUST0052","Male","East",66,"66+","Monitor","Electronics","300.00",2,"600.00",False,"19.10","Unknown","2023-07-02"
232,"CUST0204","Male","East",54,"46-55","Smartwatch","Wearables","200.00",5,"1000.00",False,"10.03","Returned","2023-10-17"
233,"CUST0180","Male","East",68,"66+","Monitor","Electronics","300.00",3,"900.00",False,"5.00","In Transit","2023-10-18"
234,"CUST0189","Female","West",NULL,"Unknown","Laptop","Electronics","1500.00",3,"4500.00",False,"9.92","Delivered","2023-04-06"
235,"CUST0023","Female","South",29,"26-35","Monitor","Electronics","300.00",3,"900.00",False,"18.32","Delivered","2023-07-20"
236,"CUST0263","Female","West",40,"36-45","Smartwatch","Wearables","200.00",1,"200.00",False,"8.82","Returned","2023-04-08"
237,"CUST0195","Male","West",48,"46-55","Keyboard","Accessories","50.00",3,"150.00",False,"16.84","Returned","2023-01-08"
238,"CUST0272","Female","West",52,"46-55","Laptop","Electronics","1500.00",5,"7500.00",False,"9.45","Unknown","2023-05-13"
239,"CUST0256","Male","East",69,"66+","Monitor","Electronics","300.00",4,"1200.00",False,"8.25","Returned","2023-08-15"
240,"CUST0131","Male","North",67,"66+","Smartphone","Electronics","800.00",4,"3200.00",False,"14.61","In Transit","2023-09-18"
241,"CUST0279","Female","North",59,"56-65","Mouse","Accessories","30.00",1,"30.00",False,"6.08","Returned","2023-02-15"
242,"CUST0250","Female","West",64,"56-65","Smartwatch","Wearables","200.00",2,"400.00",False,"15.94","Delivered","2023-11-28"
243,"CUST0012","Male","East",NULL,"Unknown","Mouse","Accessories","30.00",3,"90.00",False,"16.49","In Transit","2023-07-29"
244,"CUST0127","Female","South",62,"56-65","Smartphone","Electronics","800.00",4,"3200.00",False,"6.66","In Transit","2023-07-10"
245,"CUST0128","Female","North",52,"46-55","Monitor","Electronics","621.91",3,"1865.74",True,"11.04","Delivered","2023-10-25"
246,"CUST0155","Male","West",41,"36-45","Headphones","Accessories","100.00",3,"300.00",False,"11.98","Delivered","2023-06-12"
247,"CUST0115","Male","South",53,"46-55","Headphones","Accessories","100.00",5,"500.00",False,"5.93","In Transit","2023-07-22"
248,"CUST0115","Male","West",53,"46-55","Smartwatch","Wearables","200.00",5,"1000.00",False,"19.43","Returned","2023-06-25"
249,"CUST0282","Male","East",68,"66+","Smartphone","Electronics","800.00",3,"2400.00",False,"8.23","Returned","2023-11-29"
250,"CUST0158","Male","West",51,"46-55","Smartphone","Electronics","800.00",1,"800.00",False,"18.58","Returned","2023-10-03"
251,"CUST0088","Female","South",66,"66+","Laptop","Electronics","1500.00",1,"1500.00",False,"13.16","In Transit","2023-02-06"
252,"CUST0124","Male","South",53,"46-55","Monitor","Electronics","300.00",2,"600.00",False,"8.51","Returned","2023-05-17"
253,"CUST0055","Female","North",45,"36-45","Smartwatch","Wearables","200.00",2,"400.00",False,"10.82","Returned","2023-09-23"
254,"CUST0201","Female","South",49,"46-55","Laptop","Electronics","1500.00",3,"4500.00",False,"17.62","Returned","2023-12-25"
255,"CUST0256","Female","West",69,"66+","Mouse","Accessories","30.00",5,"150.00",False,"9.07","Delivered","2023-02-19"
256,"CUST0055","Male","East",45,"36-45","Keyboard","Accessories","50.00",1,"50.00",False,"11.27","Returned","2023-09-13"
257,"CUST0076","Male","South",26,"26-35","Monitor","Electronics","300.00",4,"1200.00",False,"6.90","Returned","2023-11-05"
258,"CUST0273","Male","South",55,"46-55","Monitor","Electronics","300.00",3,"900.00",False,"7.31","In Transit","2023-01-15"
259,"CUST0022","Female","Unknown",33,"26-35","Mouse","Accessories","30.00",1,"30.00",False,"15.29","Delivered","2023-02-27"
260,"CUST0204","Male","East",54,"46-55","Laptop","Electronics","1500.00",2,"3000.00",False,"12.68","Delivered","2023-05-11"
261,"CUST0194","Female","South",61,"56-65","Mouse","Accessories","30.00",1,"30.00",False,"19.54","In Transit","2023-04-16"
262,"CUST0138","Male","East",46,"46-55","Smartphone","Electronics","800.00",4,"3200.00",False,"17.82","Unknown","2023-03-17"
263,"CUST0071","Female","North",46,"46-55","Mouse","Accessories","30.00",4,"120.00",False,"10.01","In Transit","2023-04-11"
264,"CUST0044","Female","North",30,"26-35","Keyboard","Accessories","50.00",4,"200.00",False,"16.61","Returned","2023-10-16"
265,"CUST0273","Male","South",55,"46-55","Headphones","Accessories","100.00",4,"400.00",False,"18.99","In Transit","2023-10-16"
266,"CUST0196","Female","East",37,"36-45","Headphones","Accessories","100.00",4,"400.00",False,"11.40","Delivered","2023-02-22"
267,"CUST0212","Female","East",62,"56-65","Mouse","Accessories","30.00",2,"60.00",False,"8.36","Delivered","2023-07-17"
268,"CUST0106","Female","East",NULL,"Unknown","Mouse","Accessories","30.00",5,"150.00",False,"10.03","Delivered","2023-06-30"
269,"CUST0133","Male","North",47,"46-55","Headphones","Accessories","100.00",3,"300.00",False,"15.00","Delivered","2023-07-09"
270,"CUST0262","Male","West",27,"26-35","Mouse","Accessories","30.00",4,"120.00",False,"16.05","Returned","2023-05-07"
271,"CUST0280","Female","East",44,"36-45","Keyboard","Accessories","50.00",4,"200.00",False,"12.30","In Transit","2023-03-22"
272,"CUST0074","Male","North",36,"36-45","Smartwatch","Wearables","200.00",2,"400.00",False,"12.03","Returned","2023-08-28"
273,"CUST0300","Female","East",NULL,"Unknown","Mouse","Accessories","30.00",3,"90.00",False,"11.56","In Transit","2023-01-17"
274,"CUST0027","Female","North",36,"36-45","Laptop","Electronics","1500.00",4,"6000.00",False,"11.21","Unknown","2023-10-16"
275,"CUST0016","Male","South",61,"56-65","Smartphone","Electronics","800.00",1,"800.00",False,"17.43","Delivered","2023-01-10"
276,"CUST0152","Male","South",69,"66+","Smartphone","Electronics","800.00",3,"2400.00",False,"13.57","Returned","2023-03-25"
277,"CUST0278","Female","East",52,"46-55","Smartwatch","Wearables","200.00",3,"600.00",False,"10.21","In Transit","2023-01-29"
278,"CUST0095","Female","South",60,"56-65","Smartphone","Electronics","800.00",5,"4000.00",False,"18.75","Delivered","2023-01-19"
279,"CUST0229","Male","West",45,"36-45","Monitor","Electronics","300.00",1,"300.00",False,"16.70","Delivered","2023-09-16"
280,"CUST0128","Male","West",52,"46-55","Monitor","Electronics","300.00",1,"300.00",False,"14.67","Delivered","2023-07-21"
281,"CUST0032","Female","South",63,"56-65","Monitor","Electronics","300.00",5,"1500.00",False,"18.00","Returned","2023-03-21"
282,"CUST0283","Female","South",67,"66+","Keyboard","Accessories","50.00",5,"250.00",False,"10.04","In Transit","2023-05-03"
283,"CUST0238","Male","West",26,"26-35","Keyboard","Accessories","50.00",4,"200.00",False,"10.23","Delivered","2023-01-24"
284,"CUST0051","Male","West",41,"36-45","Smartwatch","Wearables","200.00",4,"800.00",False,"8.56","Returned","2024-01-03"
285,"CUST0144","Female","South",NULL,"Unknown","Smartphone","Electronics","800.00",5,"4000.00",False,"10.52","Delivered","2023-12-01"
286,"CUST0134","Male","South",58,"56-65","Monitor","Electronics","300.00",5,"1500.00",False,"19.72","Delivered","2023-05-16"
287,"CUST0129","Male","South",66,"66+","Mouse","Accessories","30.00",2,"60.00",False,"9.19","In Transit","2023-05-07"
288,"CUST0148","Female","West",67,"66+","Headphones","Accessories","100.00",2,"200.00",False,"19.58","Returned","2023-06-01"
289,"CUST0211","Male","North",35,"26-35","Smartphone","Electronics","800.00",5,"4000.00",False,"15.61","In Transit","2023-01-27"
290,"CUST0272","Male","South",52,"46-55","Keyboard","Accessories","50.00",2,"100.00",False,"13.78","Delivered","2023-09-04"
291,"CUST0092","Female","East",32,"26-35","Mouse","Accessories","30.00",5,"150.00",False,"15.68","Delivered","2023-11-06"
292,"CUST0203","Female","Unknown",33,"26-35","Smartwatch","Wearables","200.00",1,"200.00",False,"14.86","Returned","2023-09-24"
293,"CUST0109","Male","North",57,"56-65","Smartwatch","Wearables","200.00",1,"200.00",False,"13.34","Returned","2023-09-08"
294,"CUST0204","Female","South",54,"46-55","Laptop","Electronics","1500.00",5,"7500.00",False,"5.02","Returned","2023-08-28"
295,"CUST0291","Male","West",49,"46-55","Smartwatch","Wearables","200.00",4,"800.00",False,"18.56","Delivered","2023-03-18"
296,"CUST0153","Female","South",40,"36-45","Headphones","Accessories","100.00",5,"500.00",False,"14.22","Delivered","2023-02-02"
297,"CUST0220","Male","North",67,"66+","Headphones","Accessories","100.00",5,"500.00",False,"13.85","Returned","2023-03-15"
298,"CUST0199","Female","North",41,"36-45","Mouse","Accessories","30.00",3,"90.00",False,"18.37","Returned","2024-01-03"
299,"CUST0245","Male","West",63,"56-65","Smartphone","Electronics","800.00",2,"1600.00",False,"19.63","Delivered","2023-12-27"
300,"CUST0228","Male","North",25,"18-25","Smartphone","Electronics","800.00",1,"800.00",False,"5.64","In Transit","2023-09-23"
301,"CUST0106","Male","North",50,"46-55","Laptop","Electronics","1500.00",5,"7500.00",False,"15.14","In Transit","2023-06-08"
302,"CUST0174","Male","West",68,"66+","Mouse","Accessories","30.00",4,"120.00",False,"14.02","Returned","2023-09-13"
303,"CUST0161","Male","West",62,"56-65","Smartwatch","Wearables","200.00",3,"600.00",False,"17.90","Returned","2023-01-03"
304,"CUST0204","Male","South",54,"46-55","Smartphone","Electronics","800.00",1,"800.00",False,"7.77","Returned","2023-07-23"
305,"CUST0062","Male","West",43,"36-45","Smartwatch","Wearables","200.00",2,"400.00",False,"13.02","Delivered","2023-10-08"
306,"CUST0114","Male","South",60,"56-65","Keyboard","Accessories","50.00",1,"50.00",False,"6.25","In Transit","2023-02-06"
307,"CUST0102","Male","West",25,"18-25","Monitor","Electronics","300.00",3,"900.00",False,"9.94","Delivered","2023-10-21"
308,"CUST0140","Male","East",50,"46-55","Smartphone","Electronics","800.00",1,"800.00",False,"10.36","Returned","2023-05-25"
309,"CUST0142","Female","South",32,"26-35","Smartphone","Electronics","800.00",1,"800.00",False,"8.45","Returned","2023-04-28"
310,"CUST0016","Male","East",61,"56-65","Smartphone","Electronics","800.00",2,"1600.00",False,"19.07","Delivered","2023-10-03"
311,"CUST0023","Male","South",NULL,"Unknown","Keyboard","Accessories","50.00",5,"250.00",False,"10.03","Returned","2023-11-01"
312,"CUST0008","Female","West",18,"18-25","Mouse","Accessories","30.00",4,"120.00",False,"8.76","In Transit","2023-06-30"
313,"CUST0268","Male","North",21,"18-25","Monitor","Electronics","300.00",2,"600.00",False,"5.69","Returned","2023-08-03"
314,"CUST0162","Male","East",69,"66+","Headphones","Accessories","100.00",1,"100.00",False,"6.43","Returned","2023-05-26"
315,"CUST0121","Female","West",66,"66+","Smartwatch","Wearables","200.00",5,"1000.00",False,"19.19","Returned","2023-09-19"
316,"CUST0047","Female","West",41,"36-45","Smartwatch","Wearables","200.00",3,"600.00",False,"10.92","Returned","2023-06-18"
317,"CUST0148","Male","East",67,"66+","Keyboard","Accessories","50.00",5,"250.00",False,"11.17","In Transit","2023-03-03"
318,"CUST0251","Female","East",42,"36-45","Smartphone","Electronics","800.00",3,"2400.00",False,"10.65","In Transit","2023-11-18"
319,"CUST0028","Female","West",50,"46-55","Monitor","Electronics","300.00",1,"300.00",False,"14.36","Delivered","2023-08-05"
320,"CUST0174","Female","East",68,"66+","Headphones","Accessories","100.00",4,"400.00",False,"11.92","In Transit","2023-10-31"
321,"CUST0296","Female","East",50,"46-55","Smartphone","Electronics","800.00",5,"4000.00",False,"13.43","Returned","2023-08-11"
322,"CUST0085","Male","Unknown",NULL,"Unknown","Smartphone","Electronics","800.00",1,"800.00",False,"16.20","Returned","2023-11-25"
323,"CUST0281","Male","West",44,"36-45","Laptop","Electronics","1500.00",5,"7500.00",False,"7.21","Delivered","2023-11-21"
324,"CUST0010","Female","East",37,"36-45","Headphones","Accessories","100.00",3,"300.00",False,"7.41","Delivered","2023-03-27"
325,"CUST0186","Female","West",55,"46-55","Laptop","Electronics","1500.00",1,"1500.00",False,"19.04","In Transit","2023-10-20"
326,"CUST0281","Female","North",44,"36-45","Laptop","Electronics","1500.00",2,"3000.00",False,"9.87","Delivered","2023-11-27"
327,"CUST0031","Female","East",67,"66+","Smartphone","Electronics","800.00",5,"4000.00",False,"9.60","In Transit","2023-10-22"
328,"CUST0270","Female","East",NULL,"Unknown","Headphones","Accessories","100.00",3,"300.00",False,"13.33","Delivered","2023-02-10"
329,"CUST0039","Female","North",60,"56-65","Smartphone","Electronics","800.00",2,"1600.00",False,"19.20","In Transit","2023-08-11"
330,"CUST0063","Male","South",20,"18-25","Keyboard","Accessories","50.00",1,"50.00",False,"17.61","Returned","2023-08-13"
331,"CUST0097","Female","East",34,"26-35","Smartwatch","Wearables","200.00",1,"200.00",False,"17.66","Returned","2023-05-21"
332,"CUST0067","Female","North",19,"18-25","Laptop","Electronics","1500.00",4,"6000.00",False,"14.45","Delivered","2023-11-08"
333,"CUST0124","Female","East",NULL,"Unknown","Smartphone","Electronics","800.00",4,"3200.00",False,"19.17","In Transit","2023-06-17"
334,"CUST0284","Female","South",64,"56-65","Monitor","Electronics","300.00",3,"900.00",False,"19.12","In Transit","2023-06-17"
335,"CUST0010","Male","West",37,"36-45","Monitor","Electronics","300.00",1,"300.00",False,"9.72","Returned","2023-03-30"
336,"CUST0276","Female","West",66,"66+","Monitor","Electronics","300.00",1,"300.00",False,"18.63","Delivered","2023-11-01"
337,"CUST0256","Male","South",69,"66+","Smartphone","Electronics","800.00",3,"2400.00",False,"5.26","Unknown","2023-10-07"
338,"CUST0221","Female","South",33,"26-35","Mouse","Accessories","30.00",2,"60.00",False,"15.69","Delivered","2023-10-21"
339,"CUST0062","Female","West",43,"36-45","Monitor","Electronics","300.00",3,"900.00",False,"8.58","Returned","2023-11-02"
340,"CUST0219","Female","South",48,"46-55","Headphones","Accessories","207.30",1,"207.30",True,"9.55","Delivered","2023-01-23"
341,"CUST0053","Male","Unknown",25,"18-25","Keyboard","Accessories","50.00",3,"150.00",False,"11.95","Returned","2023-10-18"
342,"CUST0144","Female","South",54,"46-55","Smartphone","Electronics","800.00",4,"3200.00",False,"7.86","Returned","2023-08-07"
343,"CUST0081","Male","South",38,"36-45","Monitor","Electronics","300.00",5,"1500.00",False,"12.67","In Transit","2023-01-05"
344,"CUST0044","Female","South",30,"26-35","Monitor","Electronics","300.00",2,"600.00",False,"16.31","Delivered","2023-07-25"
345,"CUST0055","Female","South",45,"36-45","Smartwatch","Wearables","200.00",3,"600.00",False,"18.24","Returned","2023-11-25"
346,"CUST0272","Male","North",52,"46-55","Mouse","Accessories","30.00",3,"90.00",False,"11.88","Returned","2023-05-18"
347,"CUST0126","Female","South",66,"66+","Mouse","Accessories","30.00",2,"60.00",False,"5.53","In Transit","2023-10-16"
348,"CUST0167","Male","South",67,"66+","Smartwatch","Wearables","200.00",3,"600.00",False,"8.01","Delivered","2023-03-27"
349,"CUST0043","Female","South",22,"18-25","Mouse","Accessories","30.00",4,"120.00",False,"19.24","In Transit","2023-10-25"
350,"CUST0201","Male","West",49,"46-55","Monitor","Electronics","300.00",2,"600.00",False,"7.00","In Transit","2023-09-21"
351,"CUST0237","Male","South",65,"56-65","Smartwatch","Wearables","200.00",3,"600.00",False,"6.94","In Transit","2024-01-03"
352,"CUST0028","Female","East",NULL,"Unknown","Laptop","Electronics","1500.00",1,"1500.00",False,"6.62","Delivered","2023-02-22"
353,"CUST0150","Female","North",63,"56-65","Monitor","Electronics","300.00",3,"900.00",False,"19.87","Delivered","2023-08-23"
354,"CUST0247","Male","South",44,"36-45","Keyboard","Accessories","50.00",2,"100.00",False,"10.09","Delivered","2023-08-01"
355,"CUST0058","Female","East",42,"36-45","Monitor","Electronics","300.00",2,"600.00",False,"6.22","In Transit","2023-08-06"
356,"CUST0281","Male","West",NULL,"Unknown","Laptop","Electronics","1500.00",4,"6000.00",False,"7.66","Returned","2023-01-01"
357,"CUST0041","Male","East",64,"56-65","Smartphone","Electronics","800.00",4,"3200.00",False,"5.82","Returned","2023-10-02"
358,"CUST0204","Male","East",54,"46-55","Monitor","Electronics","300.00",4,"1200.00",False,"18.40","Delivered","2023-04-29"
359,"CUST0095","Female","North",60,"56-65","Smartwatch","Wearables","200.00",2,"400.00",False,"18.88","Delivered","2023-07-24"
360,"CUST0272","Female","North",52,"46-55","Smartwatch","Wearables","200.00",3,"600.00",False,"15.36","In Transit","2023-09-17"
361,"CUST0069","Male","East",NULL,"Unknown","Monitor","Electronics","300.00",4,"1200.00",False,"16.88","In Transit","2023-09-26"
362,"CUST0202","Male","South",56,"56-65","Headphones","Accessories","100.00",4,"400.00",False,"19.94","In Transit","2023-06-07"
363,"CUST0054","Female","North",64,"56-65","Headphones","Accessories","100.00",1,"100.00",False,"10.32","Delivered","2023-03-12"
364,"CUST0187","Female","East",25,"18-25","Keyboard","Accessories","50.00",4,"200.00",False,"7.33","Delivered","2023-10-24"
365,"CUST0065","Male","South",41,"36-45","Smartphone","Electronics","800.00",5,"4000.00",False,"6.41","In Transit","2023-12-01"
366,"CUST0019","Male","West",69,"66+","Smartwatch","Wearables","200.00",1,"200.00",False,"12.86","In Transit","2023-08-16"
367,"CUST0054","Female","North",64,"56-65","Keyboard","Accessories","50.00",1,"50.00",False,"13.13","In Transit","2023-02-13"
368,"CUST0018","Female","Unknown",38,"36-45","Mouse","Accessories","30.00",2,"60.00",False,"17.21","In Transit","2023-11-28"
369,"CUST0059","Male","North",18,"18-25","Laptop","Electronics","1500.00",2,"3000.00",False,"7.81","Returned","2023-06-22"
370,"CUST0075","Female","South",56,"56-65","Mouse","Accessories","30.00",5,"150.00",False,"5.44","In Transit","2023-06-23"
371,"CUST0129","Female","East",66,"66+","Smartphone","Electronics","800.00",3,"2400.00",False,"19.63","Delivered","2023-07-28"
372,"CUST0103","Male","North",NULL,"Unknown","Smartphone","Electronics","800.00",1,"800.00",False,"15.79","In Transit","2023-10-30"
373,"CUST0176","Female","South",51,"46-55","Laptop","Electronics","1500.00",3,"4500.00",False,"5.72","In Transit","2023-11-10"
374,"CUST0299","Female","West",58,"56-65","Smartwatch","Wearables","200.00",3,"600.00",False,"9.69","Returned","2024-01-03"
375,"CUST0178","Female","South",44,"36-45","Smartphone","Electronics","1658.43",3,"4975.30",True,"19.31","Delivered","2023-06-03"
376,"CUST0138","Female","East",46,"46-55","Laptop","Electronics","1500.00",4,"6000.00",False,"16.31","In Transit","2023-06-29"
377,"CUST0152","Male","East",69,"66+","Mouse","Accessories","30.00",1,"30.00",False,"10.99","In Transit","2023-10-06"
378,"CUST0212","Female","West",62,"56-65","Smartphone","Electronics","800.00",3,"2400.00",False,"16.12","In Transit","2023-08-01"
379,"CUST0208","Female","South",57,"56-65","Smartwatch","Wearables","200.00",2,"400.00",False,"8.71","Unknown","2023-05-18"
380,"CUST0026","Male","East",27,"26-35","Smartphone","Electronics","800.00",5,"4000.00",False,"12.26","Returned","2023-05-02"
381,"CUST0224","Female","East",57,"56-65","Smartphone","Electronics","800.00",1,"800.00",False,"19.34","Delivered","2023-11-20"
382,"CUST0131","Female","West",67,"66+","Laptop","Electronics","1500.00",2,"3000.00",False,"18.81","In Transit","2023-08-10"
383,"CUST0019","Male","North",69,"66+","Monitor","Electronics","300.00",1,"300.00",False,"14.91","Delivered","2023-04-05"
384,"CUST0291","Female","North",49,"46-55","Mouse","Accessories","30.00",1,"30.00",False,"5.60","Delivered","2023-04-19"
385,"CUST0032","Male","West",63,"56-65","Laptop","Electronics","1500.00",3,"4500.00",False,"19.69","In Transit","2023-12-30"
386,"CUST0230","Male","South",NULL,"Unknown","Laptop","Electronics","1500.00",4,"6000.00",False,"15.12","In Transit","2023-11-10"
387,"CUST0285","Female","North",58,"56-65","Headphones","Accessories","100.00",1,"100.00",False,"5.25","Delivered","2023-01-14"
388,"CUST0199","Male","North",41,"36-45","Headphones","Accessories","100.00",1,"100.00",False,"18.38","Returned","2023-07-05"
389,"CUST0045","Female","East",21,"18-25","Monitor","Electronics","300.00",3,"900.00",False,"15.22","In Transit","2024-01-03"
390,"CUST0063","Male","North",20,"18-25","Monitor","Electronics","300.00",4,"1200.00",False,"15.57","Delivered","2023-11-06"
391,"CUST0178","Male","East",44,"36-45","Laptop","Electronics","1500.00",5,"7500.00",False,"8.03","In Transit","2023-01-20"
392,"CUST0210","Female","North",30,"26-35","Monitor","Electronics","300.00",5,"1500.00",False,"16.68","Returned","2023-05-06"
393,"CUST0105","Female","North",27,"26-35","Headphones","Accessories","100.00",2,"200.00",False,"12.44","In Transit","2023-10-21"
394,"CUST0198","Male","South",NULL,"Unknown","Monitor","Electronics","300.00",3,"900.00",False,"6.39","Returned","2023-12-30"
395,"CUST0241","Female","East",27,"26-35","Keyboard","Accessories","50.00",1,"50.00",False,"11.72","In Transit","2023-07-10"
396,"CUST0201","Female","West",49,"46-55","Smartphone","Electronics","800.00",2,"1600.00",False,"6.85","Delivered","2024-01-03"
397,"CUST0052","Male","South",66,"66+","Mouse","Accessories","30.00",4,"120.00",False,"14.27","In Transit","2023-02-05"
398,"CUST0258","Female","North",39,"36-45","Laptop","Electronics","1500.00",3,"4500.00",False,"15.91","Returned","2023-02-03"
399,"CUST0123","Male","South",52,"46-55","Laptop","Electronics","1500.00",5,"7500.00",False,"16.01","In Transit","2023-11-22"
400,"CUST0285","Male","South",NULL,"Unknown","Smartphone","Electronics","800.00",3,"2400.00",False,"19.44","In Transit","2023-06-03"
401,"CUST0279","Female","West",59,"56-65","Mouse","Accessories","30.00",3,"90.00",False,"7.34","Returned","2023-04-26"
402,"CUST0052","Female","East",66,"66+","Headphones","Accessories","100.00",3,"300.00",False,"13.21","In Transit","2023-03-13"
403,"CUST0200","Female","West",NULL,"Unknown","Laptop","Electronics","1500.00",5,"7500.00",False,"11.03","Returned","2023-01-11"
404,"CUST0103","Female","South",23,"18-25","Keyboard","Accessories","50.00",5,"250.00",False,"14.12","In Transit","2023-04-10"
405,"CUST0129","Female","North",66,"66+","Smartwatch","Wearables","200.00",5,"1000.00",False,"10.43","Delivered","2023-03-07"
406,"CUST0012","Female","North",28,"26-35","Laptop","Electronics","1500.00",1,"1500.00",False,"12.71","Returned","2023-08-31"
407,"CUST0139","Male","East",57,"56-65","Smartphone","Electronics","800.00",2,"1600.00",False,"12.55","Unknown","2023-01-02"
408,"CUST0108","Male","South",NULL,"Unknown","Keyboard","Accessories","50.00",2,"100.00",False,"6.85","Returned","2023-10-19"
409,"CUST0196","Male","West",37,"36-45","Laptop","Electronics","1500.00",2,"3000.00",False,"17.23","Returned","2023-01-10"
410,"CUST0007","Male","East",52,"46-55","Headphones","Accessories","100.00",3,"300.00",False,"19.53","In Transit","2023-01-16"
411,"CUST0118","Male","West",NULL,"Unknown","Smartwatch","Wearables","200.00",3,"600.00",False,"18.62","Delivered","2023-07-23"
412,"CUST0227","Female","East",54,"46-55","Mouse","Accessories","30.00",5,"150.00",False,"14.71","In Transit","2023-12-04"
413,"CUST0219","Female","South",48,"46-55","Keyboard","Accessories","50.00",2,"100.00",False,"12.46","In Transit","2023-04-09"
414,"CUST0297","Male","East",61,"56-65","Monitor","Electronics","300.00",2,"600.00",False,"12.26","Returned","2023-04-25"
415,"CUST0098","Female","East",57,"56-65","Headphones","Accessories","100.00",4,"400.00",False,"8.84","In Transit","2023-02-28"
416,"CUST0284","Female","South",64,"56-65","Smartwatch","Wearables","200.00",5,"1000.00",False,"13.46","In Transit","2023-05-09"
417,"CUST0137","Female","West",19,"18-25","Monitor","Electronics","300.00",5,"1500.00",False,"19.39","Returned","2023-12-08"
418,"CUST0127","Male","North",62,"56-65","Headphones","Accessories","100.00",2,"200.00",False,"5.13","Delivered","2023-11-01"
419,"CUST0052","Male","East",66,"66+","Mouse","Accessories","30.00",2,"60.00",False,"6.23","In Transit","2023-06-11"
420,"CUST0162","Female","South",69,"66+","Smartwatch","Wearables","200.00",4,"800.00",False,"12.26","In Transit","2023-10-09"
421,"CUST0069","Female","East",66,"66+","Laptop","Electronics","1500.00",4,"6000.00",False,"16.92","In Transit","2023-09-23"
422,"CUST0011","Female","West",54,"46-55","Smartphone","Electronics","1658.43",2,"3316.86",True,"15.80","In Transit","2023-04-06"
423,"CUST0293","Male","South",32,"26-35","Laptop","Electronics","1500.00",3,"4500.00",False,"8.53","Returned","2023-11-17"
424,"CUST0078","Female","East",38,"36-45","Monitor","Electronics","300.00",1,"300.00",False,"7.57","Delivered","2023-02-07"
425,"CUST0290","Female","Unknown",37,"36-45","Headphones","Accessories","100.00",3,"300.00",False,"5.29","Returned","2023-09-30"
426,"CUST0130","Female","West",68,"66+","Smartwatch","Wearables","200.00",3,"600.00",False,"5.65","In Transit","2023-08-18"
427,"CUST0186","Female","East",55,"46-55","Smartwatch","Wearables","200.00",5,"1000.00",False,"18.29","Delivered","2023-01-10"
428,"CUST0164","Male","South",50,"46-55","Monitor","Electronics","300.00",3,"900.00",False,"11.22","In Transit","2023-03-16"
429,"CUST0024","Female","Unknown",57,"56-65","Monitor","Electronics","300.00",2,"600.00",False,"15.59","Returned","2023-09-02"
430,"CUST0006","Female","East",NULL,"Unknown","Smartwatch","Wearables","200.00",3,"600.00",False,"13.94","Delivered","2023-04-07"
431,"CUST0124","Female","North",53,"46-55","Monitor","Electronics","300.00",1,"300.00",False,"16.32","Delivered","2023-08-16"
432,"CUST0060","Female","West",41,"36-45","Headphones","Accessories","100.00",5,"500.00",False,"18.06","Delivered","2023-03-15"
433,"CUST0046","Female","North",22,"18-25","Mouse","Accessories","30.00",1,"30.00",False,"8.96","Returned","2023-03-03"
434,"CUST0280","Male","South",44,"36-45","Smartwatch","Wearables","200.00",4,"800.00",False,"6.43","Unknown","2023-03-03"
435,"CUST0012","Male","South",28,"26-35","Headphones","Accessories","100.00",3,"300.00",False,"17.16","Returned","2023-08-10"
436,"CUST0095","Male","East",60,"56-65","Mouse","Accessories","30.00",3,"90.00",False,"18.42","Delivered","2023-01-25"
437,"CUST0279","Female","Unknown",NULL,"Unknown","Mouse","Accessories","30.00",2,"60.00",False,"11.28","Returned","2023-09-19"
438,"CUST0158","Female","Unknown",51,"46-55","Monitor","Electronics","300.00",4,"1200.00",False,"6.91","In Transit","2023-09-13"
439,"CUST0193","Male","South",64,"56-65","Keyboard","Accessories","50.00",4,"200.00",False,"17.18","In Transit","2023-11-06"
440,"CUST0270","Male","East",64,"56-65","Keyboard","Accessories","50.00",1,"50.00",False,"18.23","Delivered","2023-05-24"
441,"CUST0005","Female","East",56,"56-65","Mouse","Accessories","30.00",2,"60.00",False,"7.58","In Transit","2023-02-15"
442,"CUST0118","Female","West",23,"18-25","Smartphone","Electronics","800.00",2,"1600.00",False,"9.07","In Transit","2023-10-19"
443,"CUST0016","Female","North",61,"56-65","Keyboard","Accessories","50.00",1,"50.00",False,"19.39","Delivered","2023-07-28"
444,"CUST0168","Female","South",42,"36-45","Keyboard","Accessories","50.00",2,"100.00",False,"12.44","In Transit","2023-02-21"
445,"CUST0091","Male","North",30,"26-35","Keyboard","Accessories","50.00",1,"50.00",False,"19.02","Delivered","2023-12-14"
446,"CUST0066","Female","West",37,"36-45","Headphones","Accessories","100.00",3,"300.00",False,"16.67","Returned","2023-03-07"
447,"CUST0186","Female","East",55,"46-55","Mouse","Accessories","30.00",1,"30.00",False,"5.24","Returned","2023-05-25"
448,"CUST0130","Female","North",68,"66+","Monitor","Electronics","300.00",3,"900.00",False,"10.39","Returned","2023-02-09"
449,"CUST0274","Female","West",51,"46-55","Keyboard","Accessories","50.00",3,"150.00",False,"19.79","Delivered","2024-01-03"
450,"CUST0095","Female","East",60,"56-65","Monitor","Electronics","300.00",4,"1200.00",False,"7.26","In Transit","2023-08-20"
451,"CUST0128","Female","East",52,"46-55","Smartwatch","Wearables","200.00",5,"1000.00",False,"18.72","Delivered","2023-03-02"
452,"CUST0036","Male","South",NULL,"Unknown","Keyboard","Accessories","50.00",3,"150.00",False,"9.99","Unknown","2023-05-07"
453,"CUST0016","Female","East",61,"56-65","Monitor","Electronics","300.00",1,"300.00",False,"6.63","In Transit","2023-01-14"
454,"CUST0192","Male","South",58,"56-65","Mouse","Accessories","30.00",1,"30.00",False,"11.39","In Transit","2023-05-15"
455,"CUST0013","Female","East",55,"46-55","Keyboard","Accessories","50.00",4,"200.00",False,"6.66","Unknown","2023-08-13"
456,"CUST0059","Female","East",18,"18-25","Keyboard","Accessories","50.00",4,"200.00",False,"7.76","In Transit","2023-08-20"
457,"CUST0065","Female","South",41,"36-45","Smartphone","Electronics","800.00",1,"800.00",False,"6.24","Delivered","2023-08-03"
458,"CUST0025","Female","South",56,"56-65","Headphones","Accessories","100.00",3,"300.00",False,"5.86","In Transit","2023-11-25"
459,"CUST0160","Female","South",69,"66+","Laptop","Electronics","1500.00",2,"3000.00",False,"5.35","Returned","2023-10-30"
460,"CUST0096","Female","North",61,"56-65","Smartphone","Electronics","800.00",5,"4000.00",False,"13.72","Unknown","2023-03-09"
461,"CUST0071","Male","East",46,"46-55","Smartphone","Electronics","800.00",2,"1600.00",False,"13.10","In Transit","2023-01-07"
462,"CUST0044","Male","East",30,"26-35","Smartwatch","Wearables","200.00",2,"400.00",False,"13.54","In Transit","2023-08-08"
463,"CUST0299","Female","East",58,"56-65","Smartphone","Electronics","800.00",5,"4000.00",False,"5.65","Delivered","2023-12-16"
464,"CUST0291","Female","South",49,"46-55","Monitor","Electronics","300.00",3,"900.00",False,"17.93","Delivered","2023-05-29"
465,"CUST0266","Female","North",29,"26-35","Monitor","Electronics","300.00",4,"1200.00",False,"5.79","In Transit","2023-09-04"
466,"CUST0184","Female","North",54,"46-55","Smartphone","Electronics","800.00",1,"800.00",False,"13.72","In Transit","2023-08-30"
467,"CUST0130","Male","West",68,"66+","Keyboard","Accessories","50.00",3,"150.00",False,"8.99","Delivered","2023-02-02"
468,"CUST0052","Male","South",66,"66+","Monitor","Electronics","300.00",4,"1200.00",False,"17.59","Returned","2023-09-12"
469,"CUST0240","Male","East",39,"36-45","Keyboard","Accessories","50.00",4,"200.00",False,"13.51","Delivered","2023-12-21"
470,"CUST0054","Male","South",64,"56-65","Smartphone","Electronics","800.00",1,"800.00",False,"19.15","Delivered","2023-10-07"
471,"CUST0038","Female","North",57,"56-65","Keyboard","Accessories","50.00",2,"100.00",False,"16.78","Unknown","2023-11-16"
472,"CUST0023","Male","East",NULL,"Unknown","Monitor","Electronics","300.00",5,"1500.00",False,"8.56","In Transit","2023-10-30"
473,"CUST0183","Male","North",42,"36-45","Mouse","Accessories","30.00",5,"150.00",False,"9.26","Delivered","2023-02-21"
474,"CUST0012","Male","Unknown",28,"26-35","Monitor","Electronics","300.00",5,"1500.00",False,"13.09","Delivered","2023-03-12"
475,"CUST0136","Female","South",36,"36-45","Mouse","Accessories","30.00",5,"150.00",False,"6.58","In Transit","2023-10-17"
476,"CUST0052","Female","South",66,"66+","Mouse","Accessories","30.00",2,"60.00",False,"12.21","Delivered","2023-06-05"
477,"CUST0141","Male","West",58,"56-65","Monitor","Electronics","300.00",4,"1200.00",False,"6.40","Delivered","2023-03-03"
478,"CUST0144","Male","South",54,"46-55","Smartphone","Electronics","800.00",5,"4000.00",False,"19.43","In Transit","2023-07-12"
479,"CUST0156","Female","North",57,"56-65","Monitor","Electronics","300.00",1,"300.00",False,"15.49","In Transit","2023-02-05"
480,"CUST0199","Male","West",NULL,"Unknown","Smartphone","Electronics","800.00",3,"2400.00",False,"6.95","Returned","2023-09-22"
481,"CUST0197","Male","North",54,"46-55","Laptop","Electronics","1500.00",4,"6000.00",False,"5.05","Delivered","2023-07-12"
482,"CUST0196","Female","West",37,"36-45","Laptop","Electronics","1500.00",1,"1500.00",False,"12.95","Returned","2023-11-06"
483,"CUST0243","Female","West",58,"56-65","Headphones","Accessories","100.00",5,"500.00",False,"19.98","Returned","2023-08-13"
484,"CUST0182","Male","South",19,"18-25","Smartphone","Electronics","800.00",4,"3200.00",False,"12.30","Delivered","2023-01-23"
485,"CUST0296","Female","South",50,"46-55","Monitor","Electronics","300.00",4,"1200.00",False,"7.42","Delivered","2023-10-07"
486,"CUST0296","Female","West",50,"46-55","Mouse","Accessories","30.00",1,"30.00",False,"15.21","In Transit","2023-11-15"
487,"CUST0264","Female","West",59,"56-65","Monitor","Electronics","300.00",3,"900.00",False,"19.80","In Transit","2023-12-26"
488,"CUST0136","Female","West",NULL,"Unknown","Mouse","Accessories","30.00",5,"150.00",False,"13.14","Returned","2023-11-11"
489,"CUST0010","Male","West",NULL,"Unknown","Headphones","Accessories","100.00",5,"500.00",False,"15.78","Delivered","2023-04-21"
490,"CUST0131","Male","West",67,"66+","Keyboard","Accessories","50.00",5,"250.00",False,"5.81","Delivered","2023-05-18"
491,"CUST0252","Male","West",55,"46-55","Headphones","Accessories","100.00",5,"500.00",False,"7.98","Returned","2023-05-16"
492,"CUST0294","Female","East",49,"46-55","Mouse","Accessories","30.00",5,"150.00",False,"19.83","In Transit","2023-09-11"
493,"CUST0253","Male","West",51,"46-55","Smartphone","Electronics","800.00",5,"4000.00",False,"16.14","Returned","2023-06-12"
494,"CUST0289","Female","North",37,"36-45","Mouse","Accessories","30.00",4,"120.00",False,"9.00","Returned","2024-01-03"
495,"CUST0126","Female","North",66,"66+","Smartphone","Electronics","800.00",1,"800.00",False,"16.42","In Transit","2023-09-26"
496,"CUST0024","Female","South",57,"56-65","Laptop","Electronics","1500.00",1,"1500.00",False,"9.69","Delivered","2023-11-22"
497,"CUST0058","Male","East",NULL,"Unknown","Laptop","Electronics","1500.00",4,"6000.00",False,"16.49","Delivered","2023-07-10"
498,"CUST0170","Male","West",40,"36-45","Keyboard","Accessories","50.00",2,"100.00",False,"14.00","Delivered","2023-11-23"
499,"CUST0064","Female","East",61,"56-65","Laptop","Electronics","1500.00",3,"4500.00",False,"12.21","Returned","2023-10-28"
500,"CUST0043","Male","North",22,"18-25","Keyboard","Accessories","50.00",4,"200.00",False,"9.82","Delivered","2023-01-05"
501,"CUST0103","Male","North",23,"18-25","Smartwatch","Wearables","200.00",5,"1000.00",False,"14.50","Delivered","2023-11-15"
502,"CUST0032","Male","North",63,"56-65","Mouse","Accessories","30.00",4,"120.00",False,"14.68","Returned","2023-03-11"
503,"CUST0182","Male","West",19,"18-25","Mouse","Accessories","30.00",1,"30.00",False,"17.33","Delivered","2023-08-31"
504,"CUST0076","Male","North",26,"26-35","Headphones","Accessories","100.00",2,"200.00",False,"17.84","Delivered","2023-12-12"
505,"CUST0215","Female","North",35,"26-35","Monitor","Electronics","300.00",5,"1500.00",False,"19.58","Delivered","2023-01-22"
506,"CUST0105","Male","South",27,"26-35","Keyboard","Accessories","50.00",5,"250.00",False,"17.69","In Transit","2023-12-31"
507,"CUST0295","Female","East",26,"26-35","Smartphone","Electronics","800.00",5,"4000.00",False,"18.99","In Transit","2023-12-31"
508,"CUST0002","Female","South",23,"18-25","Keyboard","Accessories","50.00",5,"250.00",False,"17.96","In Transit","2023-08-18"
509,"CUST0283","Female","East",67,"66+","Laptop","Electronics","1500.00",1,"1500.00",False,"11.14","In Transit","2023-06-25"
510,"CUST0047","Female","West",41,"36-45","Laptop","Electronics","1500.00",1,"1500.00",False,"14.86","Returned","2023-10-21"
511,"CUST0153","Male","West",NULL,"Unknown","Mouse","Accessories","30.00",2,"60.00",False,"6.54","Returned","2023-11-21"
512,"CUST0047","Male","East",41,"36-45","Headphones","Accessories","207.30",2,"414.61",True,"9.15","Returned","2023-04-23"
513,"CUST0269","Male","East",64,"56-65","Monitor","Electronics","300.00",4,"1200.00",False,"13.49","Returned","2023-09-09"
514,"CUST0022","Male","North",NULL,"Unknown","Laptop","Electronics","1500.00",2,"3000.00",False,"8.24","Delivered","2023-04-15"
515,"CUST0106","Female","East",50,"46-55","Smartphone","Electronics","800.00",3,"2400.00",False,"10.13","Returned","2023-06-26"
516,"CUST0284","Male","South",64,"56-65","Headphones","Accessories","100.00",2,"200.00",False,"10.57","In Transit","2023-06-03"
517,"CUST0149","Male","South",40,"36-45","Laptop","Electronics","1500.00",1,"1500.00",False,"14.19","In Transit","2023-05-20"
518,"CUST0068","Male","East",64,"56-65","Smartwatch","Wearables","200.00",3,"600.00",False,"5.70","In Transit","2023-04-07"
519,"CUST0289","Female","East",37,"36-45","Smartwatch","Wearables","200.00",5,"1000.00",False,"5.60","Returned","2023-11-18"
520,"CUST0247","Male","South",44,"36-45","Laptop","Electronics","1500.00",3,"4500.00",False,"18.21","In Transit","2023-05-01"
521,"CUST0295","Male","West",26,"26-35","Laptop","Electronics","1500.00",3,"4500.00",False,"12.84","Unknown","2023-05-27"
522,"CUST0236","Male","West",18,"18-25","Laptop","Electronics","1500.00",2,"3000.00",False,"18.07","Returned","2023-01-23"
523,"CUST0148","Male","West",NULL,"Unknown","Keyboard","Accessories","50.00",4,"200.00",False,"14.29","Delivered","2023-10-08"
524,"CUST0122","Male","North",68,"66+","Headphones","Accessories","100.00",4,"400.00",False,"11.52","Returned","2023-11-29"
525,"CUST0246","Female","South",64,"56-65","Monitor","Electronics","300.00",3,"900.00",False,"15.77","Delivered","2023-09-29"
526,"CUST0282","Male","North",68,"66+","Laptop","Electronics","1500.00",4,"6000.00",False,"5.24","Delivered","2023-11-07"
527,"CUST0204","Male","West",54,"46-55","Headphones","Accessories","100.00",5,"500.00",False,"8.64","Delivered","2023-10-20"
528,"CUST0053","Male","North",25,"18-25","Laptop","Electronics","1500.00",4,"6000.00",False,"13.08","In Transit","2023-09-18"
529,"CUST0036","Male","Unknown",33,"26-35","Smartphone","Electronics","800.00",4,"3200.00",False,"13.29","Returned","2023-07-23"
530,"CUST0085","Male","West",18,"18-25","Smartphone","Electronics","800.00",5,"4000.00",False,"13.44","Delivered","2023-05-02"
531,"CUST0071","Female","South",NULL,"Unknown","Headphones","Accessories","100.00",1,"100.00",False,"14.98","Delivered","2023-12-04"
532,"CUST0248","Male","East",67,"66+","Monitor","Electronics","300.00",1,"300.00",False,"8.65","Returned","2023-08-27"
533,"CUST0088","Female","West",66,"66+","Headphones","Accessories","100.00",5,"500.00",False,"14.84","Delivered","2023-06-08"
534,"CUST0020","Female","North",55,"46-55","Monitor","Electronics","300.00",1,"300.00",False,"7.38","Delivered","2023-10-26"
535,"CUST0274","Female","East",51,"46-55","Laptop","Electronics","1500.00",5,"7500.00",False,"12.33","In Transit","2023-01-07"
536,"CUST0196","Male","East",37,"36-45","Smartwatch","Wearables","200.00",5,"1000.00",False,"19.55","Delivered","2023-04-23"
537,"CUST0022","Male","Unknown",33,"26-35","Smartphone","Electronics","800.00",3,"2400.00",False,"5.22","Returned","2023-09-12"
538,"CUST0211","Male","West",NULL,"Unknown","Keyboard","Accessories","50.00",1,"50.00",False,"14.62","Returned","2023-01-28"
539,"CUST0152","Female","South",69,"66+","Smartwatch","Wearables","200.00",3,"600.00",False,"19.07","Delivered","2023-07-16"
540,"CUST0042","Male","East",57,"56-65","Smartwatch","Wearables","200.00",5,"1000.00",False,"15.99","Returned","2023-01-04"
541,"CUST0235","Male","East",19,"18-25","Headphones","Accessories","100.00",5,"500.00",False,"19.53","In Transit","2023-04-08"
542,"CUST0206","Male","South",43,"36-45","Laptop","Electronics","1500.00",5,"7500.00",False,"13.04","In Transit","2023-05-03"
543,"CUST0103","Female","Unknown",23,"18-25","Mouse","Accessories","30.00",2,"60.00",False,"18.45","Returned","2023-07-15"
544,"CUST0179","Male","North",45,"36-45","Smartphone","Electronics","800.00",4,"3200.00",False,"15.02","Returned","2023-09-28"
545,"CUST0157","Female","East",48,"46-55","Keyboard","Accessories","50.00",4,"200.00",False,"8.27","In Transit","2023-05-22"
546,"CUST0272","Male","South",52,"46-55","Mouse","Accessories","30.00",3,"90.00",False,"8.66","In Transit","2023-03-30"
547,"CUST0071","Female","South",46,"46-55","Headphones","Accessories","100.00",5,"500.00",False,"11.88","Returned","2023-08-02"
548,"CUST0268","Male","North",21,"18-25","Keyboard","Accessories","50.00",3,"150.00",False,"15.03","In Transit","2023-05-20"
549,"CUST0017","Female","West",36,"36-45","Keyboard","Accessories","50.00",5,"250.00",False,"12.63","Delivered","2023-12-17"
550,"CUST0221","Male","West",33,"26-35","Monitor","Electronics","300.00",3,"900.00",False,"7.25","Returned","2023-11-01"
551,"CUST0207","Male","West",54,"46-55","Headphones","Accessories","100.00",2,"200.00",False,"6.22","Returned","2024-01-03"
552,"CUST0077","Male","East",50,"46-55","Monitor","Electronics","300.00",3,"900.00",False,"14.75","Delivered","2023-01-08"
553,"CUST0253","Female","East",51,"46-55","Headphones","Accessories","100.00",4,"400.00",False,"17.18","In Transit","2023-09-25"
554,"CUST0253","Female","East",51,"46-55","Keyboard","Accessories","50.00",3,"150.00",False,"14.99","In Transit","2023-04-18"
555,"CUST0225","Female","North",NULL,"Unknown","Smartwatch","Wearables","200.00",1,"200.00",False,"17.30","Delivered","2023-02-19"
556,"CUST0091","Female","West",30,"26-35","Headphones","Accessories","100.00",1,"100.00",False,"6.47","Delivered","2023-06-01"
557,"CUST0142","Female","South",32,"26-35","Keyboard","Accessories","50.00",5,"250.00",False,"10.39","In Transit","2023-06-28"
558,"CUST0142","Female","South",32,"26-35","Monitor","Electronics","300.00",1,"300.00",False,"9.57","In Transit","2023-04-24"
559,"CUST0032","Male","North",63,"56-65","Smartphone","Electronics","800.00",2,"1600.00",False,"6.57","Delivered","2023-12-08"
560,"CUST0011","Male","West",54,"46-55","Keyboard","Accessories","50.00",1,"50.00",False,"13.90","Delivered","2023-11-04"
561,"CUST0204","Male","West",54,"46-55","Laptop","Electronics","3109.56",5,"15547.80",True,"19.71","Returned","2023-04-18"
562,"CUST0068","Male","East",64,"56-65","Smartwatch","Wearables","200.00",2,"400.00",False,"11.49","Returned","2023-09-24"
563,"CUST0222","Female","East",61,"56-65","Mouse","Accessories","30.00",2,"60.00",False,"13.74","Delivered","2023-11-13"
564,"CUST0145","Male","East",51,"46-55","Laptop","Electronics","1500.00",1,"1500.00",False,"15.23","Returned","2023-10-10"
565,"CUST0083","Female","South",28,"26-35","Laptop","Electronics","1500.00",1,"1500.00",False,"19.84","Unknown","2023-02-17"
566,"CUST0158","Female","North",51,"46-55","Headphones","Accessories","100.00",3,"300.00",False,"18.63","Unknown","2023-03-20"
567,"CUST0063","Female","North",20,"18-25","Laptop","Electronics","1500.00",5,"7500.00",False,"15.07","In Transit","2023-10-28"
568,"CUST0249","Male","South",33,"26-35","Monitor","Electronics","300.00",5,"1500.00",False,"15.98","In Transit","2023-01-16"
569,"CUST0012","Male","West",28,"26-35","Monitor","Electronics","300.00",2,"600.00",False,"14.13","Delivered","2023-02-11"
570,"CUST0038","Male","East",57,"56-65","Monitor","Electronics","300.00",2,"600.00",False,"17.67","In Transit","2023-12-18"
571,"CUST0216","Female","West",53,"46-55","Keyboard","Accessories","50.00",5,"250.00",False,"15.62","Returned","2023-09-01"
572,"CUST0172","Female","South",56,"56-65","Monitor","Electronics","300.00",5,"1500.00",False,"12.62","Returned","2023-07-20"
573,"CUST0048","Male","North",34,"26-35","Monitor","Electronics","300.00",2,"600.00",False,"11.88","Returned","2023-09-23"
574,"CUST0260","Male","East",32,"26-35","Monitor","Electronics","300.00",2,"600.00",False,"12.92","Returned","2023-07-14"
575,"CUST0063","Male","North",20,"18-25","Smartwatch","Wearables","200.00",4,"800.00",False,"15.78","Delivered","2023-06-14"
576,"CUST0218","Male","Unknown",36,"36-45","Laptop","Electronics","1500.00",4,"6000.00",False,"14.00","Returned","2023-06-06"
577,"CUST0263","Male","North",NULL,"Unknown","Smartphone","Electronics","800.00",2,"1600.00",False,"7.17","Unknown","2023-01-09"
578,"CUST0160","Male","South",69,"66+","Monitor","Electronics","300.00",2,"600.00",False,"18.79","Delivered","2023-07-29"
579,"CUST0250","Female","North",64,"56-65","Smartphone","Electronics","800.00",2,"1600.00",False,"17.54","Returned","2023-08-05"
580,"CUST0038","Male","North",57,"56-65","Keyboard","Accessories","50.00",3,"150.00",False,"18.44","In Transit","2023-02-21"
581,"CUST0048","Male","North",34,"26-35","Monitor","Electronics","300.00",2,"600.00",False,"12.94","In Transit","2023-05-05"
582,"CUST0183","Female","West",42,"36-45","Monitor","Electronics","300.00",3,"900.00",False,"14.11","Returned","2023-01-16"
583,"CUST0240","Female","Unknown",39,"36-45","Headphones","Accessories","100.00",1,"100.00",False,"7.09","Delivered","2023-06-26"
584,"CUST0155","Male","North",41,"36-45","Smartwatch","Wearables","200.00",1,"200.00",False,"18.84","In Transit","2023-04-20"
585,"CUST0185","Male","North",29,"26-35","Laptop","Electronics","1500.00",5,"7500.00",False,"13.95","Delivered","2023-10-30"
586,"CUST0229","Female","North",NULL,"Unknown","Headphones","Accessories","100.00",4,"400.00",False,"11.95","Delivered","2023-09-04"
587,"CUST0229","Male","North",45,"36-45","Mouse","Accessories","30.00",3,"90.00",False,"10.06","Delivered","2023-02-18"
588,"CUST0139","Male","North",57,"56-65","Mouse","Accessories","30.00",5,"150.00",False,"19.16","Returned","2023-01-07"
589,"CUST0009","Male","West",50,"46-55","Headphones","Accessories","100.00",2,"200.00",False,"19.13","Unknown","2023-10-08"
590,"CUST0095","Male","West",60,"56-65","Keyboard","Accessories","50.00",5,"250.00",False,"13.00","Returned","2023-12-19"
591,"CUST0001","Female","East",38,"36-45","Keyboard","Accessories","50.00",3,"150.00",False,"6.14","Returned","2023-04-10"
592,"CUST0200","Male","East",68,"66+","Laptop","Electronics","1500.00",3,"4500.00",False,"11.29","Returned","2023-06-01"
593,"CUST0086","Male","West",26,"26-35","Smartwatch","Wearables","200.00",5,"1000.00",False,"14.83","Delivered","2023-07-03"
594,"CUST0193","Female","North",64,"56-65","Monitor","Electronics","300.00",3,"900.00",False,"15.97","Delivered","2023-10-15"
595,"CUST0193","Female","East",64,"56-65","Headphones","Accessories","100.00",4,"400.00",False,"12.48","In Transit","2023-06-10"
596,"CUST0044","Female","East",30,"26-35","Monitor","Electronics","300.00",4,"1200.00",False,"10.86","Delivered","2023-09-03"
597,"CUST0187","Male","East",25,"18-25","Laptop","Electronics","1500.00",5,"7500.00",False,"16.95","Delivered","2023-03-04"
598,"CUST0006","Female","East",52,"46-55","Headphones","Accessories","100.00",2,"200.00",False,"18.95","In Transit","2023-01-24"
599,"CUST0021","Male","North",43,"36-45","Mouse","Accessories","30.00",4,"120.00",False,"10.77","Unknown","2023-09-24"
600,"CUST0271","Female","South",46,"46-55","Headphones","Accessories","100.00",2,"200.00",False,"19.54","Returned","2023-06-20"
601,"CUST0160","Male","East",69,"66+","Laptop","Electronics","1500.00",4,"6000.00",False,"10.00","Delivered","2023-11-15"
602,"CUST0095","Female","East",NULL,"Unknown","Laptop","Electronics","1500.00",5,"7500.00",False,"12.35","In Transit","2023-04-28"
603,"CUST0025","Female","East",56,"56-65","Monitor","Electronics","300.00",3,"900.00",False,"17.34","Returned","2023-05-22"
604,"CUST0188","Male","West",29,"26-35","Keyboard","Accessories","50.00",3,"150.00",False,"12.06","Returned","2023-04-02"
605,"CUST0238","Female","West",NULL,"Unknown","Mouse","Accessories","30.00",2,"60.00",False,"14.07","Unknown","2023-11-15"
606,"CUST0180","Male","North",NULL,"Unknown","Laptop","Electronics","1500.00",2,"3000.00",False,"16.82","Unknown","2023-10-05"
607,"CUST0011","Female","North",54,"46-55","Smartphone","Electronics","800.00",5,"4000.00",False,"19.49","Returned","2023-08-22"
608,"CUST0264","Male","West",59,"56-65","Keyboard","Accessories","50.00",2,"100.00",False,"15.51","Returned","2023-07-16"
609,"CUST0156","Male","East",57,"56-65","Smartwatch","Wearables","200.00",5,"1000.00",False,"9.77","Returned","2023-01-27"
610,"CUST0044","Male","West",30,"26-35","Headphones","Accessories","100.00",1,"100.00",False,"15.64","Delivered","2023-09-06"
611,"CUST0202","Male","East",56,"56-65","Smartphone","Electronics","800.00",5,"4000.00",False,"12.22","Delivered","2023-05-06"
612,"CUST0171","Male","East",21,"18-25","Headphones","Accessories","100.00",5,"500.00",False,"13.70","In Transit","2023-01-14"
613,"CUST0109","Female","Unknown",57,"56-65","Laptop","Electronics","1500.00",4,"6000.00",False,"12.77","Delivered","2023-04-28"
614,"CUST0213","Female","North",45,"36-45","Monitor","Electronics","300.00",4,"1200.00",False,"14.76","Delivered","2023-01-02"
615,"CUST0261","Male","North",NULL,"Unknown","Mouse","Accessories","30.00",3,"90.00",False,"11.71","Delivered","2023-11-09"
616,"CUST0030","Female","East",44,"36-45","Smartphone","Electronics","800.00",5,"4000.00",False,"17.36","Returned","2023-07-03"
617,"CUST0145","Male","North",51,"46-55","Headphones","Accessories","100.00",4,"400.00",False,"10.89","Delivered","2023-01-14"
618,"CUST0044","Male","Unknown",30,"26-35","Smartphone","Electronics","800.00",1,"800.00",False,"14.23","In Transit","2023-02-23"
619,"CUST0199","Male","North",41,"36-45","Monitor","Electronics","300.00",1,"300.00",False,"9.50","Delivered","2023-06-11"
620,"CUST0111","Female","West",19,"18-25","Monitor","Electronics","300.00",3,"900.00",False,"13.79","In Transit","2023-05-16"
621,"CUST0124","Male","South",53,"46-55","Smartphone","Electronics","800.00",1,"800.00",False,"5.36","Returned","2023-03-16"
622,"CUST0299","Male","West",58,"56-65","Smartphone","Electronics","800.00",5,"4000.00",False,"19.93","In Transit","2023-01-03"
623,"CUST0241","Female","Unknown",27,"26-35","Keyboard","Accessories","50.00",2,"100.00",False,"19.92","Delivered","2023-06-02"
624,"CUST0010","Male","South",37,"36-45","Smartwatch","Wearables","200.00",2,"400.00",False,"14.16","Delivered","2023-06-06"
625,"CUST0293","Female","East",32,"26-35","Laptop","Electronics","1500.00",5,"7500.00",False,"7.52","Returned","2023-10-28"
626,"CUST0225","Male","West",65,"56-65","Monitor","Electronics","300.00",4,"1200.00",False,"10.09","Returned","2023-01-31"
627,"CUST0197","Male","North",54,"46-55","Laptop","Electronics","1500.00",4,"6000.00",False,"6.73","In Transit","2023-04-28"
628,"CUST0035","Female","West",20,"18-25","Mouse","Accessories","30.00",4,"120.00",False,"5.19","Returned","2023-07-22"
629,"CUST0280","Male","Unknown",44,"36-45","Keyboard","Accessories","50.00",1,"50.00",False,"12.30","Delivered","2023-06-12"
630,"CUST0129","Male","South",66,"66+","Laptop","Electronics","1500.00",4,"6000.00",False,"13.08","In Transit","2023-03-20"
631,"CUST0144","Female","Unknown",54,"46-55","Laptop","Electronics","1500.00",4,"6000.00",False,"12.00","Returned","2023-04-14"
632,"CUST0174","Male","North",68,"66+","Mouse","Accessories","30.00",2,"60.00",False,"9.28","Delivered","2023-05-04"
633,"CUST0219","Female","South",48,"46-55","Keyboard","Accessories","50.00",5,"250.00",False,"14.34","Delivered","2023-09-28"
634,"CUST0198","Male","South",56,"56-65","Monitor","Electronics","300.00",2,"600.00",False,"17.13","In Transit","2023-08-01"
635,"CUST0139","Male","North",57,"56-65","Monitor","Electronics","300.00",1,"300.00",False,"13.55","Delivered","2023-09-26"
636,"CUST0149","Male","West",40,"36-45","Mouse","Accessories","30.00",5,"150.00",False,"9.01","Returned","2023-11-14"
637,"CUST0031","Male","North",67,"66+","Laptop","Electronics","1500.00",4,"6000.00",False,"13.30","Delivered","2023-11-01"
638,"CUST0036","Female","South",33,"26-35","Headphones","Accessories","100.00",5,"500.00",False,"8.27","In Transit","2023-06-30"
639,"CUST0029","Female","West",66,"66+","Laptop","Electronics","1500.00",2,"3000.00",False,"9.26","In Transit","2023-10-10"
640,"CUST0071","Male","West",46,"46-55","Monitor","Electronics","300.00",3,"900.00",False,"18.83","Returned","2023-09-19"
641,"CUST0108","Female","East",NULL,"Unknown","Monitor","Electronics","300.00",1,"300.00",False,"6.55","Delivered","2024-01-03"
642,"CUST0251","Male","East",42,"36-45","Laptop","Electronics","1500.00",2,"3000.00",False,"12.17","Unknown","2023-01-09"
643,"CUST0142","Male","North",32,"26-35","Laptop","Electronics","1500.00",1,"1500.00",False,"8.53","In Transit","2023-08-11"
644,"CUST0025","Male","West",56,"56-65","Monitor","Electronics","300.00",1,"300.00",False,"8.87","Returned","2023-07-25"
645,"CUST0031","Female","South",67,"66+","Smartwatch","Wearables","200.00",1,"200.00",False,"5.45","Returned","2023-09-30"
646,"CUST0159","Male","North",NULL,"Unknown","Headphones","Accessories","100.00",2,"200.00",False,"10.39","Returned","2023-10-26"
647,"CUST0094","Male","South",30,"26-35","Headphones","Accessories","100.00",4,"400.00",False,"13.94","Delivered","2023-12-22"
648,"CUST0072","Male","East",21,"18-25","Headphones","Accessories","100.00",4,"400.00",False,"12.96","In Transit","2023-09-13"
649,"CUST0078","Female","South",38,"36-45","Keyboard","Accessories","50.00",4,"200.00",False,"11.00","Returned","2023-12-26"
650,"CUST0105","Male","West",27,"26-35","Laptop","Electronics","1500.00",2,"3000.00",False,"13.22","In Transit","2023-09-06"
651,"CUST0152","Male","North",69,"66+","Monitor","Electronics","300.00",5,"1500.00",False,"17.75","In Transit","2023-11-14"
652,"CUST0160","Female","West",69,"66+","Smartphone","Electronics","800.00",3,"2400.00",False,"15.53","In Transit","2023-04-25"
653,"CUST0248","Female","South",67,"66+","Laptop","Electronics","1500.00",1,"1500.00",False,"13.92","Delivered","2023-07-26"
654,"CUST0133","Male","West",47,"46-55","Smartwatch","Wearables","200.00",3,"600.00",False,"13.73","Delivered","2023-06-15"
655,"CUST0260","Male","West",32,"26-35","Monitor","Electronics","300.00",3,"900.00",False,"8.48","Delivered","2023-05-22"
656,"CUST0051","Female","West",41,"36-45","Laptop","Electronics","1500.00",3,"4500.00",False,"13.82","Delivered","2023-12-07"
657,"CUST0177","Female","East",29,"26-35","Mouse","Accessories","30.00",1,"30.00",False,"11.33","In Transit","2023-02-28"
658,"CUST0004","Male","North",65,"56-65","Monitor","Electronics","300.00",4,"1200.00",False,"11.14","Unknown","2024-01-03"
659,"CUST0195","Female","East",48,"46-55","Smartwatch","Wearables","200.00",5,"1000.00",False,"10.90","In Transit","2023-05-04"
660,"CUST0122","Male","East",68,"66+","Laptop","Electronics","1500.00",1,"1500.00",False,"19.37","Unknown","2023-08-27"
661,"CUST0058","Female","North",42,"36-45","Mouse","Accessories","30.00",5,"150.00",False,"8.28","Returned","2023-11-14"
662,"CUST0039","Male","Unknown",60,"56-65","Laptop","Electronics","1500.00",1,"1500.00",False,"10.84","In Transit","2023-09-06"
663,"CUST0066","Female","North",37,"36-45","Smartphone","Electronics","800.00",1,"800.00",False,"12.78","Returned","2023-01-03"
664,"CUST0204","Female","South",54,"46-55","Laptop","Electronics","1500.00",4,"6000.00",False,"12.84","Delivered","2023-02-20"
665,"CUST0208","Female","South",57,"56-65","Monitor","Electronics","300.00",1,"300.00",False,"6.55","Delivered","2023-04-13"
666,"CUST0196","Female","East",37,"36-45","Keyboard","Accessories","50.00",4,"200.00",False,"12.81","Delivered","2023-01-05"
667,"CUST0250","Female","North",64,"56-65","Laptop","Electronics","1500.00",1,"1500.00",False,"18.19","In Transit","2023-05-22"
668,"CUST0227","Male","South",54,"46-55","Smartwatch","Wearables","200.00",3,"600.00",False,"16.36","In Transit","2023-08-10"
669,"CUST0107","Male","West",67,"66+","Laptop","Electronics","1500.00",4,"6000.00",False,"14.85","Delivered","2023-06-11"
670,"CUST0177","Female","East",29,"26-35","Smartwatch","Wearables","200.00",4,"800.00",False,"17.93","Delivered","2023-02-25"
671,"CUST0174","Female","South",68,"66+","Headphones","Accessories","100.00",2,"200.00",False,"11.73","Unknown","2023-06-05"
672,"CUST0066","Male","West",37,"36-45","Mouse","Accessories","30.00",3,"90.00",False,"13.86","Delivered","2023-10-17"
673,"CUST0117","Male","North",22,"18-25","Mouse","Accessories","30.00",5,"150.00",False,"18.22","Returned","2023-01-25"
674,"CUST0008","Male","Unknown",18,"18-25","Monitor","Electronics","300.00",2,"600.00",False,"8.33","In Transit","2023-01-10"
675,"CUST0010","Female","West",NULL,"Unknown","Laptop","Electronics","1500.00",3,"4500.00",False,"6.86","In Transit","2023-12-27"
676,"CUST0107","Male","South",NULL,"Unknown","Keyboard","Accessories","50.00",5,"250.00",False,"9.87","Returned","2023-11-03"
677,"CUST0271","Male","West",NULL,"Unknown","Smartwatch","Wearables","200.00",2,"400.00",False,"8.05","In Transit","2023-04-10"
678,"CUST0149","Male","North",40,"36-45","Smartwatch","Wearables","200.00",4,"800.00",False,"11.68","Delivered","2023-12-27"
679,"CUST0173","Male","South",65,"56-65","Laptop","Electronics","1500.00",3,"4500.00",False,"13.18","In Transit","2023-12-22"
680,"CUST0042","Female","East",57,"56-65","Smartphone","Electronics","800.00",2,"1600.00",False,"9.01","In Transit","2023-11-08"
681,"CUST0106","Female","South",50,"46-55","Headphones","Accessories","100.00",3,"300.00",False,"17.63","Delivered","2023-12-07"
682,"CUST0235","Male","West",19,"18-25","Monitor","Electronics","300.00",1,"300.00",False,"7.48","In Transit","2023-03-06"
683,"CUST0220","Male","South",NULL,"Unknown","Mouse","Accessories","30.00",1,"30.00",False,"6.70","In Transit","2023-05-07"
684,"CUST0264","Female","South",NULL,"Unknown","Mouse","Accessories","30.00",5,"150.00",False,"14.88","Delivered","2023-12-07"
685,"CUST0020","Female","South",55,"46-55","Smartphone","Electronics","800.00",4,"3200.00",False,"8.31","Returned","2023-09-13"
686,"CUST0139","Female","Unknown",57,"56-65","Smartphone","Electronics","800.00",3,"2400.00",False,"19.61","Returned","2023-12-31"
687,"CUST0022","Female","South",33,"26-35","Keyboard","Accessories","50.00",2,"100.00",False,"16.28","Returned","2023-04-20"
688,"CUST0101","Female","North",53,"46-55","Monitor","Electronics","300.00",4,"1200.00",False,"10.58","Unknown","2023-03-31"
689,"CUST0271","Male","East",46,"46-55","Monitor","Electronics","300.00",4,"1200.00",False,"19.38","In Transit","2023-11-20"
690,"CUST0197","Female","West",54,"46-55","Mouse","Accessories","30.00",3,"90.00",False,"14.77","In Transit","2023-12-09"
691,"CUST0135","Male","West",41,"36-45","Smartwatch","Wearables","200.00",1,"200.00",False,"13.72","In Transit","2023-06-06"
692,"CUST0174","Male","West",68,"66+","Mouse","Accessories","30.00",5,"150.00",False,"16.66","In Transit","2023-12-12"
693,"CUST0139","Male","West",57,"56-65","Laptop","Electronics","1500.00",5,"7500.00",False,"8.19","In Transit","2023-07-30"
694,"CUST0058","Male","West",42,"36-45","Headphones","Accessories","100.00",5,"500.00",False,"5.43","Delivered","2023-10-24"
695,"CUST0152","Male","East",69,"66+","Smartwatch","Wearables","200.00",5,"1000.00",False,"7.71","In Transit","2023-10-25"
696,"CUST0231","Male","South",NULL,"Unknown","Keyboard","Accessories","50.00",2,"100.00",False,"13.53","In Transit","2023-07-13"
697,"CUST0288","Male","North",NULL,"Unknown","Keyboard","Accessories","50.00",3,"150.00",False,"6.88","Returned","2023-05-28"
698,"CUST0296","Male","South",50,"46-55","Monitor","Electronics","300.00",5,"1500.00",False,"8.08","Returned","2024-01-03"
699,"CUST0155","Female","East",41,"36-45","Monitor","Electronics","300.00",1,"300.00",False,"16.71","Delivered","2023-10-11"
700,"CUST0128","Female","South",NULL,"Unknown","Monitor","Electronics","300.00",3,"900.00",False,"14.38","Returned","2023-02-28"
701,"CUST0178","Male","North",44,"36-45","Smartwatch","Wearables","200.00",3,"600.00",False,"11.82","Delivered","2023-04-18"
702,"CUST0298","Male","South",58,"56-65","Smartphone","Electronics","800.00",2,"1600.00",False,"12.94","Returned","2023-11-11"
703,"CUST0064","Male","West",61,"56-65","Laptop","Electronics","3109.56",1,"3109.56",True,"18.37","In Transit","2023-09-01"
704,"CUST0091","Female","West",30,"26-35","Mouse","Accessories","30.00",3,"90.00",False,"11.78","Returned","2023-08-14"
705,"CUST0113","Female","East",38,"36-45","Laptop","Electronics","1500.00",3,"4500.00",False,"7.52","Delivered","2023-02-03"
706,"CUST0087","Female","Unknown",49,"46-55","Mouse","Accessories","30.00",2,"60.00",False,"17.46","Delivered","2023-02-05"
707,"CUST0087","Male","South",49,"46-55","Monitor","Electronics","300.00",3,"900.00",False,"17.94","Unknown","2023-01-20"
708,"CUST0255","Male","West",NULL,"Unknown","Smartphone","Electronics","800.00",3,"2400.00",False,"10.50","Delivered","2023-02-18"
709,"CUST0044","Female","South",30,"26-35","Monitor","Electronics","300.00",1,"300.00",False,"14.91","In Transit","2023-07-29"
710,"CUST0133","Female","East",47,"46-55","Laptop","Electronics","1500.00",3,"4500.00",False,"15.50","Delivered","2023-07-25"
711,"CUST0122","Male","East",68,"66+","Monitor","Electronics","300.00",3,"900.00",False,"16.44","Delivered","2023-12-16"
712,"CUST0220","Male","West",67,"66+","Laptop","Electronics","1500.00",2,"3000.00",False,"13.04","Returned","2023-03-30"
713,"CUST0182","Male","East",19,"18-25","Headphones","Accessories","100.00",2,"200.00",False,"14.11","Returned","2023-01-22"
714,"CUST0081","Male","North",38,"36-45","Monitor","Electronics","300.00",2,"600.00",False,"5.79","Returned","2023-01-19"
715,"CUST0224","Male","South",57,"56-65","Smartwatch","Wearables","200.00",4,"800.00",False,"13.93","Delivered","2023-12-13"
716,"CUST0070","Male","South",23,"18-25","Smartphone","Electronics","800.00",1,"800.00",False,"6.70","Unknown","2023-07-06"
717,"CUST0263","Female","West",40,"36-45","Monitor","Electronics","300.00",1,"300.00",False,"11.65","Delivered","2023-07-22"
718,"CUST0052","Female","North",66,"66+","Keyboard","Accessories","50.00",4,"200.00",False,"14.49","Delivered","2023-06-06"
719,"CUST0253","Male","North",51,"46-55","Monitor","Electronics","300.00",5,"1500.00",False,"14.23","In Transit","2023-08-03"
720,"CUST0095","Male","North",60,"56-65","Monitor","Electronics","300.00",2,"600.00",False,"15.88","In Transit","2023-01-12"
721,"CUST0031","Male","East",67,"66+","Keyboard","Accessories","50.00",1,"50.00",False,"19.41","In Transit","2023-07-29"
722,"CUST0128","Male","Unknown",52,"46-55","Smartphone","Electronics","800.00",4,"3200.00",False,"15.79","In Transit","2023-08-20"
723,"CUST0077","Male","West",50,"46-55","Mouse","Accessories","30.00",4,"120.00",False,"17.84","Returned","2023-03-09"
724,"CUST0073","Male","South",19,"18-25","Smartwatch","Wearables","200.00",3,"600.00",False,"10.07","In Transit","2023-11-18"
725,"CUST0173","Male","West",65,"56-65","Mouse","Accessories","30.00",5,"150.00",False,"15.11","Delivered","2023-08-31"
726,"CUST0218","Female","East",36,"36-45","Monitor","Electronics","300.00",4,"1200.00",False,"11.23","In Transit","2023-08-17"
727,"CUST0274","Male","South",51,"46-55","Keyboard","Accessories","50.00",5,"250.00",False,"15.38","Returned","2023-08-07"
728,"CUST0034","Female","East",65,"56-65","Keyboard","Accessories","50.00",3,"150.00",False,"10.84","Unknown","2023-11-17"
729,"CUST0285","Female","South",58,"56-65","Monitor","Electronics","300.00",4,"1200.00",False,"13.40","Delivered","2023-03-31"
730,"CUST0117","Female","South",22,"18-25","Headphones","Accessories","100.00",3,"300.00",False,"7.70","Delivered","2023-07-20"
731,"CUST0208","Male","North",57,"56-65","Mouse","Accessories","30.00",4,"120.00",False,"15.44","Delivered","2023-06-12"
732,"CUST0107","Female","South",67,"66+","Headphones","Accessories","100.00",5,"500.00",False,"8.74","Returned","2023-06-08"
733,"CUST0145","Male","North",NULL,"Unknown","Headphones","Accessories","100.00",4,"400.00",False,"14.68","In Transit","2023-12-08"
734,"CUST0232","Female","Unknown",44,"36-45","Laptop","Electronics","1500.00",5,"7500.00",False,"18.30","Returned","2023-11-07"
735,"CUST0039","Male","East",60,"56-65","Smartwatch","Wearables","200.00",1,"200.00",False,"10.14","Unknown","2023-12-02"
736,"CUST0195","Female","West",48,"46-55","Keyboard","Accessories","50.00",3,"150.00",False,"6.42","In Transit","2023-10-31"
737,"CUST0185","Female","South",29,"26-35","Monitor","Electronics","300.00",5,"1500.00",False,"18.18","In Transit","2023-09-06"
738,"CUST0281","Female","South",NULL,"Unknown","Keyboard","Accessories","50.00",3,"150.00",False,"5.62","In Transit","2023-03-05"
739,"CUST0061","Female","South",35,"26-35","Smartphone","Electronics","800.00",1,"800.00",False,"17.30","In Transit","2023-05-07"
740,"CUST0232","Male","East",44,"36-45","Mouse","Accessories","30.00",3,"90.00",False,"14.91","In Transit","2023-10-20"
741,"CUST0013","Female","South",55,"46-55","Smartwatch","Wearables","200.00",4,"800.00",False,"7.31","Returned","2023-03-16"
742,"CUST0058","Female","West",42,"36-45","Keyboard","Accessories","50.00",1,"50.00",False,"8.05","Delivered","2023-07-13"
743,"CUST0159","Female","North",18,"18-25","Laptop","Electronics","1500.00",1,"1500.00",False,"5.29","Returned","2023-01-21"
744,"CUST0236","Male","West",18,"18-25","Laptop","Electronics","1500.00",3,"4500.00",False,"19.41","Delivered","2023-08-19"
745,"CUST0281","Female","North",44,"36-45","Monitor","Electronics","300.00",2,"600.00",False,"19.97","In Transit","2023-09-30"
746,"CUST0213","Female","South",NULL,"Unknown","Smartwatch","Wearables","200.00",5,"1000.00",False,"9.18","In Transit","2023-10-31"
747,"CUST0286","Male","West",63,"56-65","Keyboard","Accessories","50.00",2,"100.00",False,"6.28","Returned","2023-03-21"
748,"CUST0136","Female","East",36,"36-45","Keyboard","Accessories","50.00",4,"200.00",False,"9.30","Returned","2023-07-09"
749,"CUST0228","Male","West",25,"18-25","Keyboard","Accessories","50.00",1,"50.00",False,"18.71","In Transit","2023-12-07"
750,"CUST0124","Female","North",NULL,"Unknown","Headphones","Accessories","100.00",5,"500.00",False,"14.28","Returned","2023-06-02"
751,"CUST0201","Male","West",49,"46-55","Smartphone","Electronics","800.00",1,"800.00",False,"12.30","Delivered","2023-05-30"
752,"CUST0038","Male","Unknown",57,"56-65","Smartphone","Electronics","800.00",2,"1600.00",False,"19.87","Returned","2023-06-01"
753,"CUST0276","Female","South",66,"66+","Laptop","Electronics","1500.00",3,"4500.00",False,"14.73","Delivered","2023-12-01"
754,"CUST0201","Female","North",49,"46-55","Smartwatch","Wearables","200.00",3,"600.00",False,"9.26","Delivered","2023-10-23"
755,"CUST0104","Female","East",40,"36-45","Keyboard","Accessories","50.00",4,"200.00",False,"15.14","Delivered","2023-06-17"
756,"CUST0101","Female","East",53,"46-55","Smartwatch","Wearables","200.00",4,"800.00",False,"14.28","Unknown","2023-11-05"
757,"CUST0138","Female","West",46,"46-55","Laptop","Electronics","3109.56",2,"6219.12",True,"6.44","Delivered","2023-12-08"
758,"CUST0035","Female","South",20,"18-25","Keyboard","Accessories","50.00",3,"150.00",False,"11.05","Returned","2023-09-16"
759,"CUST0273","Female","South",55,"46-55","Mouse","Accessories","30.00",3,"90.00",False,"11.24","Returned","2023-09-09"
760,"CUST0228","Female","West",25,"18-25","Smartphone","Electronics","800.00",1,"800.00",False,"7.25","In Transit","2023-03-09"
761,"CUST0191","Female","Unknown",41,"36-45","Laptop","Electronics","1500.00",4,"6000.00",False,"6.76","Unknown","2023-08-01"
762,"CUST0087","Female","North",NULL,"Unknown","Headphones","Accessories","100.00",2,"200.00",False,"19.07","Unknown","2023-05-08"
763,"CUST0070","Female","West",23,"18-25","Laptop","Electronics","1500.00",5,"7500.00",False,"19.41","Delivered","2023-12-21"
764,"CUST0088","Male","West",66,"66+","Monitor","Electronics","300.00",1,"300.00",False,"7.84","In Transit","2023-12-08"
765,"CUST0287","Female","South",60,"56-65","Smartphone","Electronics","800.00",4,"3200.00",False,"9.99","Returned","2023-06-29"
766,"CUST0116","Male","South",20,"18-25","Monitor","Electronics","300.00",2,"600.00",False,"9.77","Returned","2023-09-24"
767,"CUST0037","Female","West",51,"46-55","Smartphone","Electronics","800.00",3,"2400.00",False,"15.28","In Transit","2023-05-22"
768,"CUST0215","Female","East",35,"26-35","Mouse","Accessories","30.00",3,"90.00",False,"8.79","Returned","2023-07-29"
769,"CUST0104","Male","West",40,"36-45","Keyboard","Accessories","50.00",4,"200.00",False,"12.79","Delivered","2023-10-19"
770,"CUST0197","Male","North",54,"46-55","Smartphone","Electronics","800.00",5,"4000.00",False,"9.55","Delivered","2023-09-02"
771,"CUST0298","Female","East",58,"56-65","Mouse","Accessories","30.00",4,"120.00",False,"8.85","Returned","2023-06-21"
772,"CUST0079","Male","South",26,"26-35","Keyboard","Accessories","50.00",2,"100.00",False,"9.76","In Transit","2023-06-13"
773,"CUST0021","Female","East",43,"36-45","Smartwatch","Wearables","200.00",1,"200.00",False,"6.18","In Transit","2023-12-28"
774,"CUST0162","Male","East",69,"66+","Laptop","Electronics","1500.00",3,"4500.00",False,"6.08","Returned","2023-07-06"
775,"CUST0090","Male","West",61,"56-65","Laptop","Electronics","1500.00",4,"6000.00",False,"9.46","Delivered","2023-06-13"
776,"CUST0064","Female","West",61,"56-65","Headphones","Accessories","100.00",1,"100.00",False,"6.60","Returned","2023-03-20"
777,"CUST0148","Female","North",67,"66+","Mouse","Accessories","30.00",4,"120.00",False,"19.59","In Transit","2023-02-20"
778,"CUST0081","Female","West",38,"36-45","Monitor","Electronics","300.00",4,"1200.00",False,"12.55","Delivered","2023-08-27"
779,"CUST0160","Male","North",69,"66+","Keyboard","Accessories","50.00",5,"250.00",False,"14.32","Unknown","2023-02-03"
780,"CUST0080","Male","West",51,"46-55","Smartphone","Electronics","800.00",5,"4000.00",False,"6.74","Delivered","2023-09-27"
781,"CUST0091","Male","South",30,"26-35","Headphones","Accessories","100.00",2,"200.00",False,"7.01","In Transit","2023-03-18"
782,"CUST0112","Male","East",33,"26-35","Laptop","Electronics","1500.00",2,"3000.00",False,"14.97","Delivered","2023-01-17"
783,"CUST0030","Female","West",44,"36-45","Headphones","Accessories","100.00",4,"400.00",False,"10.03","In Transit","2023-05-11"
784,"CUST0276","Male","South",66,"66+","Keyboard","Accessories","50.00",2,"100.00",False,"8.51","In Transit","2023-03-10"
785,"CUST0034","Female","West",65,"56-65","Keyboard","Accessories","50.00",1,"50.00",False,"7.55","Delivered","2023-06-27"
786,"CUST0271","Female","North",46,"46-55","Mouse","Accessories","30.00",4,"120.00",False,"18.31","In Transit","2023-11-07"
787,"CUST0034","Male","North",65,"56-65","Laptop","Electronics","1500.00",5,"7500.00",False,"16.39","Returned","2023-04-08"
788,"CUST0122","Male","North",68,"66+","Laptop","Electronics","1500.00",2,"3000.00",False,"18.77","Returned","2023-10-27"
789,"CUST0223","Female","East",20,"18-25","Laptop","Electronics","1500.00",5,"7500.00",False,"9.26","Returned","2023-02-01"
790,"CUST0052","Male","North",66,"66+","Smartphone","Electronics","800.00",4,"3200.00",False,"15.69","In Transit","2023-05-27"
791,"CUST0176","Male","South",NULL,"Unknown","Keyboard","Accessories","50.00",4,"200.00",False,"11.55","Delivered","2023-10-01"
792,"CUST0276","Male","West",66,"66+","Smartphone","Electronics","800.00",3,"2400.00",False,"15.27","In Transit","2023-05-05"
793,"CUST0185","Female","West",29,"26-35","Keyboard","Accessories","50.00",4,"200.00",False,"6.75","Delivered","2023-12-22"
794,"CUST0253","Female","East",51,"46-55","Headphones","Accessories","100.00",2,"200.00",False,"5.79","Delivered","2023-06-13"
795,"CUST0055","Male","East",45,"36-45","Smartwatch","Wearables","200.00",4,"800.00",False,"10.62","Returned","2023-01-11"
796,"CUST0229","Female","North",NULL,"Unknown","Monitor","Electronics","300.00",1,"300.00",False,"5.83","Delivered","2023-02-07"
797,"CUST0149","Female","Unknown",40,"36-45","Headphones","Accessories","100.00",2,"200.00",False,"9.42","Returned","2023-07-14"
798,"CUST0028","Male","East",50,"46-55","Mouse","Accessories","30.00",5,"150.00",False,"6.26","Delivered","2023-04-07"
799,"CUST0011","Male","South",54,"46-55","Headphones","Accessories","100.00",1,"100.00",False,"19.25","Delivered","2023-12-18"
800,"CUST0259","Male","West",59,"56-65","Mouse","Accessories","30.00",2,"60.00",False,"18.17","In Transit","2023-11-17"
801,"CUST0296","Female","West",50,"46-55","Monitor","Electronics","300.00",1,"300.00",False,"5.94","Returned","2023-12-26"
802,"CUST0101","Male","East",53,"46-55","Headphones","Accessories","100.00",3,"300.00",False,"15.61","In Transit","2023-12-04"
803,"CUST0288","Male","West",55,"46-55","Laptop","Electronics","1500.00",2,"3000.00",False,"9.06","Delivered","2023-06-08"
804,"CUST0206","Female","Unknown",43,"36-45","Keyboard","Accessories","50.00",4,"200.00",False,"16.25","In Transit","2023-08-14"
805,"CUST0179","Male","North",45,"36-45","Monitor","Electronics","300.00",4,"1200.00",False,"7.16","In Transit","2023-11-13"
806,"CUST0293","Male","West",32,"26-35","Monitor","Electronics","300.00",2,"600.00",False,"9.52","In Transit","2023-10-17"
807,"CUST0120","Female","North",35,"26-35","Headphones","Accessories","100.00",4,"400.00",False,"12.85","Delivered","2023-07-23"
808,"CUST0112","Male","West",33,"26-35","Smartphone","Electronics","800.00",5,"4000.00",False,"5.14","Returned","2023-06-15"
809,"CUST0218","Female","East",36,"36-45","Mouse","Accessories","30.00",5,"150.00",False,"6.78","In Transit","2023-07-18"
810,"CUST0018","Female","South",38,"36-45","Keyboard","Accessories","50.00",5,"250.00",False,"12.25","In Transit","2023-05-12"
811,"CUST0193","Male","North",64,"56-65","Laptop","Electronics","1500.00",4,"6000.00",False,"9.87","Delivered","2023-02-19"
812,"CUST0088","Male","West",66,"66+","Laptop","Electronics","1500.00",4,"6000.00",False,"11.50","In Transit","2023-10-17"
813,"CUST0116","Male","South",20,"18-25","Mouse","Accessories","30.00",3,"90.00",False,"16.07","Returned","2023-09-30"
814,"CUST0152","Female","West",69,"66+","Keyboard","Accessories","50.00",4,"200.00",False,"18.96","Returned","2023-05-20"
815,"CUST0290","Female","East",37,"36-45","Smartwatch","Wearables","200.00",4,"800.00",False,"5.98","In Transit","2023-04-27"
816,"CUST0293","Male","South",32,"26-35","Monitor","Electronics","300.00",2,"600.00",False,"14.24","Delivered","2023-03-27"
817,"CUST0080","Male","South",51,"46-55","Monitor","Electronics","300.00",5,"1500.00",False,"11.39","Returned","2023-07-31"
818,"CUST0134","Female","North",58,"56-65","Keyboard","Accessories","50.00",4,"200.00",False,"17.65","In Transit","2023-02-11"
819,"CUST0010","Female","East",37,"36-45","Smartphone","Electronics","800.00",5,"4000.00",False,"6.67","In Transit","2023-01-04"
820,"CUST0252","Male","South",55,"46-55","Smartwatch","Wearables","200.00",3,"600.00",False,"8.26","Unknown","2023-08-30"
821,"CUST0211","Female","West",35,"26-35","Monitor","Electronics","300.00",5,"1500.00",False,"18.94","Returned","2023-03-06"
822,"CUST0095","Female","South",60,"56-65","Monitor","Electronics","300.00",3,"900.00",False,"19.78","In Transit","2023-02-26"
823,"CUST0226","Male","North",43,"36-45","Smartphone","Electronics","800.00",4,"3200.00",False,"10.65","Returned","2023-02-25"
824,"CUST0238","Female","North",26,"26-35","Smartwatch","Wearables","200.00",4,"800.00",False,"14.25","Delivered","2023-01-03"
825,"CUST0274","Male","West",51,"46-55","Monitor","Electronics","300.00",4,"1200.00",False,"6.26","Returned","2023-12-28"
826,"CUST0225","Male","South",65,"56-65","Keyboard","Accessories","50.00",3,"150.00",False,"12.69","Delivered","2023-11-18"
827,"CUST0233","Male","West",24,"18-25","Smartwatch","Wearables","200.00",3,"600.00",False,"19.39","In Transit","2023-03-11"
828,"CUST0208","Male","North",57,"56-65","Headphones","Accessories","100.00",4,"400.00",False,"14.49","In Transit","2023-09-19"
829,"CUST0006","Male","South",52,"46-55","Smartwatch","Wearables","200.00",5,"1000.00",False,"13.13","In Transit","2023-05-15"
830,"CUST0181","Male","North",59,"56-65","Monitor","Electronics","300.00",4,"1200.00",False,"15.92","In Transit","2023-10-23"
831,"CUST0126","Male","West",66,"66+","Smartwatch","Wearables","200.00",5,"1000.00",False,"12.06","Returned","2023-03-07"
832,"CUST0118","Male","East",23,"18-25","Keyboard","Accessories","50.00",1,"50.00",False,"16.34","In Transit","2023-01-16"
833,"CUST0007","Female","North",52,"46-55","Smartwatch","Wearables","200.00",3,"600.00",False,"15.85","Delivered","2023-04-10"
834,"CUST0263","Female","South",NULL,"Unknown","Headphones","Accessories","100.00",3,"300.00",False,"19.01","In Transit","2023-09-13"
835,"CUST0256","Male","East",NULL,"Unknown","Laptop","Electronics","1500.00",3,"4500.00",False,"9.83","In Transit","2023-09-26"
836,"CUST0172","Female","East",56,"56-65","Mouse","Accessories","30.00",4,"120.00",False,"5.17","In Transit","2023-11-23"
837,"CUST0114","Male","South",NULL,"Unknown","Smartphone","Electronics","800.00",3,"2400.00",False,"15.04","In Transit","2023-08-12"
838,"CUST0198","Male","West",NULL,"Unknown","Smartphone","Electronics","800.00",5,"4000.00",False,"18.49","Delivered","2023-12-13"
839,"CUST0234","Female","South",44,"36-45","Smartwatch","Wearables","200.00",1,"200.00",False,"7.67","Returned","2023-07-08"
840,"CUST0182","Female","North",19,"18-25","Keyboard","Accessories","50.00",3,"150.00",False,"5.76","In Transit","2023-07-25"
841,"CUST0104","Male","Unknown",40,"36-45","Smartwatch","Wearables","200.00",1,"200.00",False,"16.29","In Transit","2023-07-08"
842,"CUST0232","Male","West",44,"36-45","Headphones","Accessories","100.00",1,"100.00",False,"6.43","Returned","2023-07-28"
843,"CUST0160","Male","West",69,"66+","Laptop","Electronics","1500.00",1,"1500.00",False,"7.32","Returned","2023-09-19"
844,"CUST0105","Female","South",27,"26-35","Smartwatch","Wearables","200.00",2,"400.00",False,"9.97","Returned","2023-01-18"
845,"CUST0065","Female","West",41,"36-45","Smartwatch","Wearables","200.00",5,"1000.00",False,"12.79","In Transit","2023-01-06"
846,"CUST0220","Female","North",NULL,"Unknown","Mouse","Accessories","30.00",4,"120.00",False,"17.23","Returned","2023-07-09"
847,"CUST0150","Male","West",63,"56-65","Mouse","Accessories","62.19",5,"310.96",True,"10.81","Delivered","2023-07-01"
848,"CUST0300","Male","East",66,"66+","Smartwatch","Wearables","200.00",4,"800.00",False,"16.99","Returned","2023-10-15"
849,"CUST0066","Female","North",37,"36-45","Monitor","Electronics","300.00",3,"900.00",False,"17.15","In Transit","2024-01-03"
850,"CUST0255","Male","South",39,"36-45","Laptop","Electronics","1500.00",2,"3000.00",False,"11.24","Returned","2023-11-16"
851,"CUST0154","Female","North",31,"26-35","Monitor","Electronics","300.00",2,"600.00",False,"5.84","In Transit","2023-08-19"
852,"CUST0112","Female","West",33,"26-35","Smartphone","Electronics","800.00",2,"1600.00",False,"7.61","Returned","2023-12-08"
853,"CUST0130","Male","East",68,"66+","Headphones","Accessories","100.00",4,"400.00",False,"14.97","Returned","2023-12-09"
854,"CUST0061","Female","South",35,"26-35","Monitor","Electronics","300.00",1,"300.00",False,"15.16","Returned","2023-10-25"
855,"CUST0046","Male","East",22,"18-25","Laptop","Electronics","1500.00",2,"3000.00",False,"15.58","Delivered","2023-12-16"
856,"CUST0200","Female","North",68,"66+","Laptop","Electronics","1500.00",1,"1500.00",False,"5.57","Delivered","2023-08-06"
857,"CUST0001","Male","East",38,"36-45","Laptop","Electronics","1500.00",4,"6000.00",False,"11.28","Returned","2023-04-26"
858,"CUST0101","Female","West",53,"46-55","Smartphone","Electronics","800.00",4,"3200.00",False,"14.35","Delivered","2023-06-27"
859,"CUST0113","Female","West",38,"36-45","Keyboard","Accessories","50.00",4,"200.00",False,"19.17","Returned","2023-01-26"
860,"CUST0076","Male","South",26,"26-35","Mouse","Accessories","30.00",1,"30.00",False,"10.22","Delivered","2023-10-26"
861,"CUST0120","Male","North",35,"26-35","Keyboard","Accessories","50.00",3,"150.00",False,"12.89","In Transit","2023-01-30"
862,"CUST0265","Female","North",38,"36-45","Keyboard","Accessories","50.00",4,"200.00",False,"7.52","In Transit","2023-05-29"
863,"CUST0214","Female","South",45,"36-45","Monitor","Electronics","300.00",2,"600.00",False,"9.09","In Transit","2023-10-02"
864,"CUST0058","Male","North",42,"36-45","Monitor","Electronics","300.00",4,"1200.00",False,"5.56","In Transit","2023-06-06"
865,"CUST0288","Male","North",NULL,"Unknown","Smartwatch","Wearables","200.00",2,"400.00",False,"19.66","Returned","2023-01-31"
866,"CUST0210","Male","South",30,"26-35","Monitor","Electronics","300.00",1,"300.00",False,"11.26","Returned","2023-12-31"
867,"CUST0116","Male","South",20,"18-25","Mouse","Accessories","30.00",1,"30.00",False,"5.41","In Transit","2023-01-05"
868,"CUST0059","Female","South",18,"18-25","Laptop","Electronics","1500.00",2,"3000.00",False,"10.13","Delivered","2023-06-10"
869,"CUST0239","Female","South",35,"26-35","Smartphone","Electronics","800.00",4,"3200.00",False,"7.74","Delivered","2023-05-26"
870,"CUST0099","Male","West",NULL,"Unknown","Smartwatch","Wearables","200.00",1,"200.00",False,"8.28","In Transit","2023-10-06"
871,"CUST0018","Female","South",38,"36-45","Monitor","Electronics","300.00",2,"600.00",False,"17.38","Delivered","2023-04-16"
872,"CUST0028","Male","West",50,"46-55","Keyboard","Accessories","50.00",4,"200.00",False,"11.39","Delivered","2023-01-17"
873,"CUST0159","Male","South",18,"18-25","Laptop","Electronics","1500.00",3,"4500.00",False,"18.83","In Transit","2023-03-22"
874,"CUST0053","Female","South",25,"18-25","Smartwatch","Wearables","200.00",1,"200.00",False,"6.96","Returned","2023-11-20"
875,"CUST0015","Male","North",58,"56-65","Laptop","Electronics","1500.00",5,"7500.00",False,"6.21","Unknown","2023-07-21"
876,"CUST0045","Male","East",21,"18-25","Headphones","Accessories","100.00",4,"400.00",False,"18.30","Delivered","2023-07-26"
877,"CUST0156","Male","West",57,"56-65","Laptop","Electronics","1500.00",5,"7500.00",False,"7.57","Returned","2023-05-18"
878,"CUST0238","Male","East",26,"26-35","Monitor","Electronics","621.91",2,"1243.82",True,"7.02","In Transit","2024-01-03"
879,"CUST0116","Male","West",20,"18-25","Monitor","Electronics","300.00",2,"600.00",False,"11.06","Unknown","2023-08-12"
880,"CUST0239","Female","East",35,"26-35","Mouse","Accessories","30.00",5,"150.00",False,"13.08","Delivered","2023-08-16"
881,"CUST0268","Female","South",21,"18-25","Mouse","Accessories","30.00",3,"90.00",False,"10.49","Delivered","2023-08-11"
882,"CUST0086","Male","West",26,"26-35","Monitor","Electronics","300.00",2,"600.00",False,"12.94","Unknown","2023-01-02"
883,"CUST0087","Female","North",49,"46-55","Laptop","Electronics","1500.00",2,"3000.00",False,"11.24","In Transit","2023-07-28"
884,"CUST0077","Female","North",NULL,"Unknown","Monitor","Electronics","621.91",3,"1865.74",True,"14.86","In Transit","2023-04-27"
885,"CUST0122","Male","East",68,"66+","Keyboard","Accessories","50.00",2,"100.00",False,"11.09","Unknown","2023-08-16"
886,"CUST0242","Male","South",58,"56-65","Smartwatch","Wearables","200.00",5,"1000.00",False,"10.84","In Transit","2023-10-22"
887,"CUST0079","Female","North",26,"26-35","Laptop","Electronics","1500.00",4,"6000.00",False,"5.57","In Transit","2023-08-24"
888,"CUST0216","Male","East",53,"46-55","Mouse","Accessories","30.00",2,"60.00",False,"8.58","Returned","2023-10-27"
889,"CUST0016","Female","West",NULL,"Unknown","Keyboard","Accessories","50.00",3,"150.00",False,"10.05","In Transit","2023-11-26"
890,"CUST0196","Male","South",37,"36-45","Smartwatch","Wearables","200.00",2,"400.00",False,"18.38","Delivered","2023-02-17"
891,"CUST0148","Male","South",67,"66+","Monitor","Electronics","300.00",3,"900.00",False,"19.76","Delivered","2023-11-09"
892,"CUST0295","Female","West",26,"26-35","Mouse","Accessories","30.00",1,"30.00",False,"13.87","In Transit","2023-06-10"
893,"CUST0048","Male","East",34,"26-35","Smartwatch","Wearables","200.00",3,"600.00",False,"16.93","In Transit","2023-04-13"
894,"CUST0115","Female","South",53,"46-55","Mouse","Accessories","30.00",3,"90.00",False,"6.18","Delivered","2023-04-25"
895,"CUST0264","Female","East",NULL,"Unknown","Smartphone","Electronics","800.00",4,"3200.00",False,"17.44","Delivered","2023-03-03"
896,"CUST0216","Male","South",53,"46-55","Monitor","Electronics","300.00",3,"900.00",False,"12.14","Returned","2023-03-14"
897,"CUST0029","Male","South",66,"66+","Monitor","Electronics","300.00",1,"300.00",False,"17.09","In Transit","2023-04-03"
898,"CUST0180","Male","South",68,"66+","Keyboard","Accessories","50.00",1,"50.00",False,"11.23","Delivered","2023-04-02"
899,"CUST0184","Female","East",54,"46-55","Smartphone","Electronics","800.00",5,"4000.00",False,"5.41","Returned","2023-07-08"
900,"CUST0290","Male","Unknown",37,"36-45","Headphones","Accessories","100.00",5,"500.00",False,"6.55","Returned","2023-04-20"
901,"CUST0228","Female","East",25,"18-25","Smartwatch","Wearables","200.00",2,"400.00",False,"6.46","In Transit","2023-10-19"
902,"CUST0243","Male","West",58,"56-65","Monitor","Electronics","300.00",4,"1200.00",False,"14.16","Unknown","2023-05-14"
903,"CUST0242","Female","North",58,"56-65","Smartwatch","Wearables","200.00",3,"600.00",False,"14.74","Returned","2023-09-29"
904,"CUST0142","Male","South",32,"26-35","Laptop","Electronics","1500.00",1,"1500.00",False,"6.92","In Transit","2023-12-26"
905,"CUST0131","Male","East",67,"66+","Mouse","Accessories","30.00",1,"30.00",False,"13.84","Delivered","2023-06-08"
906,"CUST0126","Male","North",66,"66+","Keyboard","Accessories","50.00",4,"200.00",False,"10.69","Delivered","2023-06-03"
907,"CUST0265","Male","West",38,"36-45","Headphones","Accessories","100.00",3,"300.00",False,"8.20","Returned","2023-11-30"
908,"CUST0003","Male","North",63,"56-65","Mouse","Accessories","30.00",3,"90.00",False,"9.04","Delivered","2023-02-14"
909,"CUST0212","Male","West",62,"56-65","Keyboard","Accessories","50.00",2,"100.00",False,"8.68","In Transit","2023-07-02"
910,"CUST0106","Female","West",50,"46-55","Smartphone","Electronics","800.00",1,"800.00",False,"7.34","In Transit","2023-06-13"
911,"CUST0118","Male","West",23,"18-25","Monitor","Electronics","300.00",4,"1200.00",False,"11.76","Returned","2023-03-28"
912,"CUST0126","Male","East",66,"66+","Headphones","Accessories","100.00",5,"500.00",False,"5.40","Returned","2023-12-24"
913,"CUST0292","Male","South",21,"18-25","Mouse","Accessories","30.00",4,"120.00",False,"13.68","Delivered","2023-05-24"
914,"CUST0291","Female","South",49,"46-55","Monitor","Electronics","300.00",3,"900.00",False,"15.81","In Transit","2023-05-21"
915,"CUST0085","Female","North",18,"18-25","Keyboard","Accessories","50.00",5,"250.00",False,"16.00","Delivered","2023-01-05"
916,"CUST0166","Female","West",29,"26-35","Mouse","Accessories","30.00",4,"120.00",False,"11.36","Returned","2023-11-19"
917,"CUST0040","Female","East",NULL,"Unknown","Keyboard","Accessories","50.00",5,"250.00",False,"10.46","Returned","2023-08-02"
918,"CUST0295","Male","North",NULL,"Unknown","Monitor","Electronics","300.00",1,"300.00",False,"9.06","Returned","2023-06-16"
919,"CUST0059","Female","South",18,"18-25","Mouse","Accessories","30.00",3,"90.00",False,"8.30","Unknown","2023-02-06"
920,"CUST0281","Female","East",44,"36-45","Headphones","Accessories","100.00",3,"300.00",False,"13.94","In Transit","2023-09-28"
921,"CUST0019","Male","South",69,"66+","Smartphone","Electronics","800.00",4,"3200.00",False,"19.42","Delivered","2023-11-07"
922,"CUST0004","Male","North",65,"56-65","Keyboard","Accessories","50.00",5,"250.00",False,"5.92","Returned","2023-04-04"
923,"CUST0279","Female","West",59,"56-65","Smartphone","Electronics","800.00",5,"4000.00",False,"15.22","Delivered","2023-11-24"
924,"CUST0069","Female","East",66,"66+","Headphones","Accessories","100.00",2,"200.00",False,"8.65","In Transit","2023-09-19"
925,"CUST0004","Male","North",65,"56-65","Monitor","Electronics","300.00",3,"900.00",False,"9.31","In Transit","2023-02-14"
926,"CUST0060","Male","South",41,"36-45","Keyboard","Accessories","50.00",3,"150.00",False,"5.55","Delivered","2023-03-13"
927,"CUST0154","Male","North",31,"26-35","Mouse","Accessories","30.00",1,"30.00",False,"9.26","Returned","2023-08-24"
928,"CUST0259","Male","East",59,"56-65","Monitor","Electronics","300.00",3,"900.00",False,"19.36","Delivered","2023-05-01"
929,"CUST0203","Female","East",NULL,"Unknown","Laptop","Electronics","1500.00",5,"7500.00",False,"16.44","In Transit","2023-09-23"
930,"CUST0241","Female","West",27,"26-35","Smartphone","Electronics","800.00",4,"3200.00",False,"13.94","In Transit","2023-02-03"
931,"CUST0004","Female","West",65,"56-65","Smartphone","Electronics","800.00",5,"4000.00",False,"15.80","Returned","2023-12-29"
932,"CUST0031","Male","West",67,"66+","Smartphone","Electronics","800.00",3,"2400.00",False,"7.05","In Transit","2023-12-14"
933,"CUST0144","Male","West",54,"46-55","Mouse","Accessories","30.00",4,"120.00",False,"14.50","Delivered","2023-02-13"
934,"CUST0031","Female","East",67,"66+","Mouse","Accessories","30.00",2,"60.00",False,"12.54","Unknown","2023-03-26"
935,"CUST0218","Male","East",36,"36-45","Smartphone","Electronics","800.00",2,"1600.00",False,"16.62","In Transit","2023-08-03"
936,"CUST0234","Male","South",44,"36-45","Laptop","Electronics","1500.00",5,"7500.00",False,"18.67","Returned","2023-09-12"
937,"CUST0050","Female","West",40,"36-45","Laptop","Electronics","1500.00",1,"1500.00",False,"13.51","Delivered","2023-07-21"
938,"CUST0140","Male","South",50,"46-55","Mouse","Accessories","30.00",3,"90.00",False,"12.43","Delivered","2023-01-05"
939,"CUST0044","Male","South",30,"26-35","Smartwatch","Wearables","200.00",4,"800.00",False,"13.90","Returned","2023-06-28"
940,"CUST0202","Male","South",56,"56-65","Smartwatch","Wearables","200.00",3,"600.00",False,"19.03","In Transit","2024-01-03"
941,"CUST0093","Female","North",66,"66+","Monitor","Electronics","300.00",5,"1500.00",False,"18.92","Delivered","2023-05-03"
942,"CUST0258","Female","West",39,"36-45","Monitor","Electronics","300.00",1,"300.00",False,"9.04","Delivered","2023-07-23"
943,"CUST0133","Female","East",47,"46-55","Smartwatch","Wearables","200.00",1,"200.00",False,"12.27","In Transit","2023-12-13"
944,"CUST0271","Male","South",46,"46-55","Keyboard","Accessories","50.00",5,"250.00",False,"19.63","In Transit","2023-05-22"
945,"CUST0121","Female","North",66,"66+","Keyboard","Accessories","50.00",3,"150.00",False,"10.21","Returned","2023-12-12"
946,"CUST0028","Male","East",50,"46-55","Monitor","Electronics","300.00",4,"1200.00",False,"14.64","In Transit","2023-01-28"
947,"CUST0125","Male","East",NULL,"Unknown","Smartwatch","Wearables","200.00",3,"600.00",False,"6.36","Returned","2023-11-28"
948,"CUST0137","Female","East",19,"18-25","Monitor","Electronics","300.00",3,"900.00",False,"9.79","Delivered","2023-12-02"
949,"CUST0240","Male","West",39,"36-45","Keyboard","Accessories","50.00",1,"50.00",False,"6.14","Delivered","2023-05-29"
950,"CUST0268","Male","East",21,"18-25","Monitor","Electronics","300.00",4,"1200.00",False,"10.03","In Transit","2023-05-16"
951,"CUST0066","Female","South",37,"36-45","Headphones","Accessories","100.00",3,"300.00",False,"9.91","In Transit","2023-08-01"
952,"CUST0068","Male","South",64,"56-65","Mouse","Accessories","30.00",1,"30.00",False,"19.22","In Transit","2023-07-31"
953,"CUST0221","Male","North",NULL,"Unknown","Keyboard","Accessories","50.00",3,"150.00",False,"10.81","In Transit","2023-07-11"
954,"CUST0266","Male","North",29,"26-35","Laptop","Electronics","1500.00",2,"3000.00",False,"16.23","Delivered","2023-01-26"
955,"CUST0129","Male","South",NULL,"Unknown","Smartphone","Electronics","800.00",5,"4000.00",False,"15.97","Delivered","2023-11-14"
956,"CUST0113","Male","South",38,"36-45","Monitor","Electronics","300.00",5,"1500.00",False,"19.39","Returned","2023-02-26"
957,"CUST0240","Male","West",39,"36-45","Smartphone","Electronics","800.00",3,"2400.00",False,"9.92","In Transit","2023-07-26"
958,"CUST0003","Male","South",63,"56-65","Smartwatch","Wearables","200.00",4,"800.00",False,"10.23","In Transit","2023-06-07"
959,"CUST0272","Female","South",52,"46-55","Smartphone","Electronics","800.00",1,"800.00",False,"10.65","Delivered","2023-05-29"
960,"CUST0276","Male","South",66,"66+","Monitor","Electronics","300.00",5,"1500.00",False,"8.06","Delivered","2023-06-11"
961,"CUST0209","Male","North",63,"56-65","Keyboard","Accessories","50.00",5,"250.00",False,"5.88","Delivered","2023-02-12"
962,"CUST0014","Male","South",20,"18-25","Monitor","Electronics","300.00",1,"300.00",False,"7.32","Returned","2023-12-18"
963,"CUST0186","Male","South",55,"46-55","Smartphone","Electronics","800.00",1,"800.00",False,"18.74","Returned","2023-07-17"
964,"CUST0198","Male","East",56,"56-65","Laptop","Electronics","1500.00",2,"3000.00",False,"19.05","Returned","2023-05-20"
965,"CUST0043","Male","North",22,"18-25","Keyboard","Accessories","50.00",4,"200.00",False,"11.99","Delivered","2023-01-04"
966,"CUST0071","Male","East",46,"46-55","Monitor","Electronics","300.00",1,"300.00",False,"6.17","In Transit","2023-12-10"
967,"CUST0131","Female","East",67,"66+","Smartphone","Electronics","800.00",3,"2400.00",False,"7.30","In Transit","2023-11-17"
968,"CUST0131","Female","North",67,"66+","Laptop","Electronics","3109.56",4,"12438.24",True,"18.27","Unknown","2023-08-26"
969,"CUST0232","Female","Unknown",44,"36-45","Laptop","Electronics","1500.00",1,"1500.00",False,"12.37","In Transit","2023-02-10"
970,"CUST0109","Male","South",57,"56-65","Smartwatch","Wearables","200.00",3,"600.00",False,"5.88","Delivered","2023-01-10"
971,"CUST0189","Male","North",38,"36-45","Keyboard","Accessories","50.00",5,"250.00",False,"12.92","Returned","2023-07-19"
972,"CUST0299","Female","South",58,"56-65","Mouse","Accessories","30.00",2,"60.00",False,"9.71","Returned","2023-03-27"
973,"CUST0270","Male","Unknown",64,"56-65","Smartwatch","Wearables","200.00",5,"1000.00",False,"19.00","Returned","2023-08-20"
974,"CUST0031","Male","West",67,"66+","Mouse","Accessories","30.00",3,"90.00",False,"7.63","Delivered","2023-07-22"
975,"CUST0240","Male","West",39,"36-45","Mouse","Accessories","30.00",5,"150.00",False,"5.60","Returned","2023-10-10"
976,"CUST0176","Male","West",51,"46-55","Keyboard","Accessories","50.00",4,"200.00",False,"19.42","In Transit","2023-05-30"
977,"CUST0252","Female","East",55,"46-55","Smartwatch","Wearables","200.00",5,"1000.00",False,"13.29","Delivered","2023-10-16"
978,"CUST0225","Female","East",NULL,"Unknown","Mouse","Accessories","30.00",3,"90.00",False,"15.46","In Transit","2023-05-04"
979,"CUST0238","Male","West",26,"26-35","Mouse","Accessories","30.00",2,"60.00",False,"16.34","Returned","2023-11-02"
980,"CUST0276","Female","North",66,"66+","Headphones","Accessories","100.00",4,"400.00",False,"7.41","Delivered","2023-01-09"
981,"CUST0255","Female","West",39,"36-45","Monitor","Electronics","300.00",1,"300.00",False,"13.28","Delivered","2023-02-20"
982,"CUST0133","Male","East",47,"46-55","Smartphone","Electronics","800.00",4,"3200.00",False,"8.88","In Transit","2023-07-31"
983,"CUST0097","Male","East",34,"26-35","Smartwatch","Wearables","200.00",3,"600.00",False,"5.87","Returned","2023-06-25"
984,"CUST0239","Male","Unknown",35,"26-35","Headphones","Accessories","100.00",4,"400.00",False,"11.97","In Transit","2023-03-15"
985,"CUST0226","Male","West",43,"36-45","Headphones","Accessories","100.00",2,"200.00",False,"15.85","Returned","2023-10-08"
986,"CUST0068","Female","North",64,"56-65","Keyboard","Accessories","50.00",5,"250.00",False,"13.30","Returned","2023-07-02"
987,"CUST0149","Female","East",40,"36-45","Monitor","Electronics","300.00",4,"1200.00",False,"17.21","In Transit","2023-07-30"
988,"CUST0257","Female","Unknown",54,"46-55","Mouse","Accessories","30.00",2,"60.00",False,"19.03","In Transit","2023-01-11"
989,"CUST0299","Female","North",58,"56-65","Smartwatch","Wearables","200.00",4,"800.00",False,"9.43","Returned","2023-08-03"
990,"CUST0123","Male","North",52,"46-55","Smartwatch","Wearables","200.00",2,"400.00",False,"5.97","In Transit","2023-09-25"
991,"CUST0231","Female","North",NULL,"Unknown","Laptop","Electronics","1500.00",5,"7500.00",False,"5.11","Returned","2023-11-30"
992,"CUST0217","Male","South",18,"18-25","Mouse","Accessories","30.00",3,"90.00",False,"11.70","Unknown","2023-10-20"
993,"CUST0142","Male","East",32,"26-35","Headphones","Accessories","100.00",5,"500.00",False,"12.38","Returned","2023-01-01"
994,"CUST0200","Female","North",68,"66+","Smartphone","Electronics","800.00",4,"3200.00",False,"17.32","Returned","2023-08-05"
995,"CUST0079","Male","West",26,"26-35","Smartwatch","Wearables","200.00",2,"400.00",False,"7.14","Returned","2023-01-04"
996,"CUST0201","Female","South",49,"46-55","Headphones","Accessories","100.00",1,"100.00",False,"17.21","In Transit","2023-01-05"
997,"CUST0133","Male","East",47,"46-55","Laptop","Electronics","1500.00",1,"1500.00",False,"19.19","Delivered","2023-04-01"
998,"CUST0055","Female","North",NULL,"Unknown","Mouse","Accessories","30.00",5,"150.00",False,"19.35","Delivered","2023-10-20"
999,"CUST0023","Female","South",29,"26-35","Laptop","Electronics","1500.00",5,"7500.00",False,"10.36","Returned","2023-01-07"
1000,"CUST0040","Male","Unknown",29,"26-35","Smartwatch","Wearables","200.00",1,"200.00",False,"7.53","Delivered","2023-01-30"
